txn_id,timestamp,from_acc,to_acc,txn_type,amount,merchant,country,channel,narrative,label
T0000000,2024-01-01 01:52:37,A100163,,payment,63.29,electronics,IN,atm,normal transaction,0
T0000001,2024-01-01 02:33:19,A100062,,withdrawal,151.87,health,GB,online,normal transaction,0
T0000002,2024-01-01 02:47:40,A100173,,payment,160.65,electronics,RU,online,normal transaction,0
T0000003,2024-01-01 02:52:39,A100007,,payment,71.34,electronics,NG,branch,normal transaction,0
T0000004,2024-01-01 10:01:23,A100129,,withdrawal,20.83,grocery,NG,mobile,normal transaction,0
T0000005,2024-01-01 11:28:26,A100056,A100114,transfer,20.79,utilities,IN,branch,normal transaction,0
T0000006,2024-01-01 13:44:09,A100178,,withdrawal,12.03,salary,AE,atm,normal transaction,0
T0000007,2024-01-01 15:07:04,A100039,A100055,transfer,45.34,remittance,US,online,normal transaction,0
T0000008,2024-01-01 17:33:12,A100097,,payment,35.43,electronics,AE,atm,normal transaction,0
T0000009,2024-01-01 21:08:36,A100154,,deposit,7.97,utilities,IN,mobile,normal transaction,0
T0000010,2024-01-02 00:53:04,A100137,,withdrawal,18.16,electronics,RU,online,normal transaction,0
T0000011,2024-01-02 05:29:43,A100141,A100075,transfer,24.74,remittance,NG,online,normal transaction,0
T0000012,2024-01-02 06:00:57,A100011,A100169,transfer,75.38,health,CN,online,normal transaction,0
T0000013,2024-01-02 07:30:36,A100059,A100025,transfer,9.77,salary,CN,mobile,normal transaction,0
T0000014,2024-01-02 10:40:29,A100162,,withdrawal,69.3,remittance,GB,atm,normal transaction,0
T0000015,2024-01-02 11:02:43,A100090,,withdrawal,39.31,health,CN,online,normal transaction,0
T0000016,2024-01-02 11:13:49,A100155,A100162,transfer,7.55,travel,NG,branch,normal transaction,0
T0000017,2024-01-02 18:17:18,A100118,A100097,transfer,16.12,utilities,NG,atm,normal transaction,0
T0000018,2024-01-02 19:36:27,A100196,A100198,transfer,45.79,grocery,NG,online,normal transaction,0
T0000019,2024-01-02 19:55:02,A100080,,payment,22.53,salary,CN,online,normal transaction,0
T0000020,2024-01-03 01:50:06,A100054,,withdrawal,92.85,remittance,NG,mobile,normal transaction,0
T0000021,2024-01-03 07:44:09,A100101,,deposit,84.04,other,GB,atm,normal transaction,0
T0000022,2024-01-03 09:30:41,A100035,,deposit,46.12,health,CN,mobile,normal transaction,0
T0000023,2024-01-03 11:07:07,A100149,,deposit,87.84,salary,AE,branch,normal transaction,0
T0000024,2024-01-03 12:36:30,A100035,A100130,transfer,74.63,other,US,online,normal transaction,0
T0000025,2024-01-03 21:20:14,A100028,A100039,transfer,128.54,travel,RU,online,normal transaction,0
T0000026,2024-01-03 21:50:48,A100098,A100097,transfer,47.53,other,CN,online,normal transaction,0
T0000027,2024-01-04 03:44:32,A100174,A100184,transfer,154.17,electronics,CN,atm,normal transaction,0
T0000028,2024-01-04 06:42:03,A100028,A100075,transfer,36.13,salary,GB,mobile,normal transaction,0
T0000029,2024-01-04 08:12:37,A100000,A100184,transfer,24.56,utilities,GB,online,normal transaction,0
T0000030,2024-01-04 17:44:07,A100160,,withdrawal,145.17,utilities,NG,branch,normal transaction,0
T0000031,2024-01-04 18:46:28,A100095,,deposit,19.72,travel,IN,atm,normal transaction,0
T0000032,2024-01-04 20:08:34,A100125,,withdrawal,82.72,grocery,US,atm,normal transaction,0
T0000033,2024-01-05 02:39:16,A100078,,withdrawal,46.01,health,IN,branch,normal transaction,0
T0000034,2024-01-05 11:34:39,A100145,A100020,transfer,16.41,electronics,UA,online,normal transaction,0
T0000035,2024-01-05 12:36:44,A100194,A100136,transfer,23.86,travel,GB,mobile,normal transaction,0
T0000036,2024-01-05 19:25:39,A100140,,payment,33.29,travel,CN,mobile,normal transaction,0
T0000037,2024-01-05 21:35:18,A100054,,withdrawal,26.19,health,CN,mobile,normal transaction,0
T0000038,2024-01-05 22:05:56,A100171,A100166,transfer,28.18,remittance,UA,mobile,normal transaction,0
T0000039,2024-01-06 01:01:28,A100030,A100063,transfer,49.6,health,US,atm,normal transaction,0
T0000040,2024-01-06 02:49:56,A100005,,payment,4.86,health,NG,online,normal transaction,0
T0000041,2024-01-06 04:10:23,A100018,,deposit,32.25,grocery,NG,online,normal transaction,0
T0000042,2024-01-06 07:56:06,A100008,A100084,transfer,27.32,electronics,NG,atm,normal transaction,0
T0000043,2024-01-06 08:33:40,A100171,A100124,transfer,44.77,health,GB,mobile,normal transaction,0
T0000044,2024-01-07 01:32:14,A100062,,withdrawal,103.84,other,RU,branch,normal transaction,0
T0000045,2024-01-07 02:37:21,A100024,A100168,transfer,70.24,salary,AE,mobile,normal transaction,0
T0000046,2024-01-07 04:27:23,A100105,A100119,transfer,59.55,grocery,US,online,normal transaction,0
T0000047,2024-01-07 04:50:05,A100103,,payment,296.03,remittance,US,branch,normal transaction,0
T0000048,2024-01-07 06:22:55,A100049,,withdrawal,36.59,health,UA,branch,normal transaction,0
T0000049,2024-01-07 10:54:33,A100108,,deposit,20.02,travel,CN,mobile,normal transaction,0
T0000050,2024-01-07 13:46:46,A100063,,withdrawal,11.45,electronics,UA,online,normal transaction,0
T0000051,2024-01-07 18:28:34,A100012,A100166,transfer,53.18,grocery,US,branch,normal transaction,0
T0000052,2024-01-08 05:31:02,A100042,,deposit,15.13,salary,UA,mobile,normal transaction,0
T0000053,2024-01-08 15:51:43,A100054,,payment,24.0,salary,IN,branch,normal transaction,0
T0000054,2024-01-08 17:03:18,A100097,A100000,transfer,41.57,salary,CN,mobile,normal transaction,0
T0000055,2024-01-08 20:04:19,A100073,,withdrawal,122.38,salary,UA,branch,normal transaction,0
T0000056,2024-01-08 20:27:46,A100048,,payment,42.94,utilities,NG,online,normal transaction,0
T0000057,2024-01-08 22:07:08,A100148,A100188,transfer,72.37,grocery,AE,online,normal transaction,0
T0000058,2024-01-09 03:17:48,A100012,,payment,42.54,other,GB,online,normal transaction,0
T0000059,2024-01-09 07:24:21,A100130,,deposit,46.83,electronics,GB,online,normal transaction,0
T0000060,2024-01-09 08:06:39,A100152,,payment,44.39,electronics,NG,mobile,normal transaction,0
T0000061,2024-01-09 08:07:52,A100030,,withdrawal,16.21,health,IN,online,normal transaction,0
T0000062,2024-01-09 11:18:50,A100107,A100168,transfer,10.06,remittance,CN,branch,normal transaction,0
T0000063,2024-01-09 16:17:44,A100171,,withdrawal,63.85,remittance,NG,atm,normal transaction,0
T0000064,2024-01-09 17:52:12,A100101,A100033,transfer,86.78,utilities,UA,atm,normal transaction,0
T0000065,2024-01-09 22:09:26,A100192,A100018,transfer,50.04,grocery,UA,online,normal transaction,0
T0000066,2024-01-09 22:33:02,A100018,A100137,transfer,13.61,health,CN,branch,normal transaction,0
T0000067,2024-01-10 12:59:59,A100089,A100017,transfer,14.65,health,AE,atm,normal transaction,0
T0000068,2024-01-10 21:54:14,A100040,A100112,transfer,33.55,utilities,IN,atm,normal transaction,0
T0000069,2024-01-11 01:20:40,A100169,A100026,transfer,141.67,travel,CN,online,normal transaction,0
T0000070,2024-01-11 02:12:47,A100027,A100190,transfer,11.35,travel,CN,atm,normal transaction,0
T0000071,2024-01-11 13:29:50,A100154,,payment,53.65,health,AE,branch,normal transaction,0
T0000072,2024-01-11 23:21:04,A100175,A100162,transfer,53.16,utilities,UA,atm,normal transaction,0
T0000073,2024-01-12 12:36:21,A100013,,payment,30.79,electronics,RU,atm,normal transaction,0
T0000074,2024-01-12 14:00:03,A100011,A100000,transfer,21.19,remittance,GB,atm,normal transaction,0
T0000075,2024-01-12 14:44:37,A100041,A100189,transfer,77.98,other,RU,online,normal transaction,0
T0000076,2024-01-13 01:44:55,A100028,A100019,transfer,13.68,travel,IN,atm,normal transaction,0
T0000077,2024-01-13 05:34:00,A100149,,payment,38.62,travel,RU,branch,normal transaction,0
T0000078,2024-01-13 06:10:13,A100010,A100078,transfer,47.36,remittance,IN,atm,normal transaction,0
T0000079,2024-01-13 10:56:47,A100053,A100174,transfer,58.02,health,US,atm,normal transaction,0
T0000080,2024-01-13 12:43:42,A100199,,withdrawal,55.43,salary,GB,branch,normal transaction,0
T0000081,2024-01-13 20:48:00,A100041,,payment,55.36,travel,RU,online,normal transaction,0
T0000082,2024-01-13 23:39:51,A100045,A100188,transfer,58.61,remittance,RU,branch,normal transaction,0
T0000083,2024-01-14 04:30:22,A100068,,payment,103.09,travel,US,mobile,normal transaction,0
T0000084,2024-01-14 13:20:07,A100009,A100120,transfer,15.29,health,NG,mobile,normal transaction,0
T0000085,2024-01-14 16:47:20,A100089,,deposit,26.13,utilities,NG,branch,normal transaction,0
T0000086,2024-01-14 19:17:43,A100006,A100168,transfer,65.78,health,RU,atm,normal transaction,0
T0000087,2024-01-14 19:25:09,A100071,,deposit,6.6,electronics,CN,atm,normal transaction,0
T0000088,2024-01-15 02:20:11,A100164,A100130,transfer,35.31,salary,AE,online,normal transaction,0
T0000089,2024-01-15 08:12:53,A100029,,withdrawal,11.27,utilities,GB,atm,normal transaction,0
T0000090,2024-01-15 12:06:56,A100009,,deposit,34.66,electronics,RU,atm,normal transaction,0
T0000091,2024-01-15 15:13:37,A100186,A100080,transfer,17.26,salary,US,mobile,normal transaction,0
T0000092,2024-01-15 20:24:24,A100147,,payment,4.37,health,CN,online,normal transaction,0
T0000093,2024-01-16 02:44:57,A100181,,withdrawal,39.9,salary,IN,branch,normal transaction,0
T0000094,2024-01-16 05:03:39,A100093,,deposit,54.87,salary,US,atm,normal transaction,0
T0000095,2024-01-16 07:09:51,A100159,,withdrawal,78.71,remittance,US,atm,normal transaction,0
T0000096,2024-01-16 07:50:40,A100129,,withdrawal,193.53,utilities,RU,atm,normal transaction,0
T0000097,2024-01-16 12:09:43,A100103,,withdrawal,49.65,utilities,GB,branch,normal transaction,0
T0000098,2024-01-17 00:33:15,A100107,A100170,transfer,276.48,salary,GB,atm,normal transaction,0
T0000099,2024-01-17 02:43:49,A100103,,withdrawal,92.99,grocery,CN,atm,normal transaction,0
T0000100,2024-01-17 04:29:25,A100053,,payment,51.62,salary,AE,mobile,normal transaction,0
T0000101,2024-01-17 07:03:41,A100113,,deposit,71.85,other,NG,mobile,normal transaction,0
T0000102,2024-01-17 09:46:02,A100188,A100043,transfer,25.72,electronics,CN,atm,normal transaction,0
T0000103,2024-01-17 11:48:02,A100023,A100192,transfer,9.51,health,CN,branch,normal transaction,0
T0000104,2024-01-17 15:49:58,A100050,,deposit,139.95,travel,IN,online,normal transaction,0
T0000105,2024-01-17 18:37:49,A100062,,payment,7.88,other,US,mobile,normal transaction,0
T0000106,2024-01-17 22:55:48,A100106,,withdrawal,40.41,health,RU,mobile,normal transaction,0
T0000107,2024-01-17 23:02:14,A100102,A100062,transfer,18.17,travel,IN,online,normal transaction,0
T0000108,2024-01-18 10:18:22,A100199,A100108,transfer,161.74,health,GB,mobile,normal transaction,0
T0000109,2024-01-18 12:45:28,A100012,A100142,transfer,9.6,health,US,mobile,normal transaction,0
T0000110,2024-01-19 00:06:37,A100034,A100118,transfer,43.86,remittance,UA,mobile,normal transaction,0
T0000111,2024-01-19 00:24:20,A100140,A100114,transfer,17.77,travel,UA,mobile,normal transaction,0
T0000112,2024-01-19 07:51:34,A100066,,deposit,18.37,health,CN,mobile,normal transaction,0
T0000113,2024-01-19 08:21:44,A100160,A100061,transfer,77.45,utilities,UA,online,normal transaction,0
T0000114,2024-01-19 12:19:40,A100182,,payment,74.65,utilities,NG,atm,normal transaction,0
T0000115,2024-01-19 13:39:11,A100085,,withdrawal,62.15,remittance,US,branch,normal transaction,0
T0000116,2024-01-19 19:12:29,A100038,,payment,32.43,health,RU,branch,normal transaction,0
T0000117,2024-01-19 21:04:08,A100180,,payment,37.24,health,US,mobile,normal transaction,0
T0000118,2024-01-19 22:44:08,A100104,,payment,26.64,remittance,UA,mobile,normal transaction,0
T0000119,2024-01-20 04:17:40,A100015,,payment,99.36,health,RU,mobile,normal transaction,0
T0000120,2024-01-20 04:43:47,A100197,,payment,122.18,grocery,RU,mobile,normal transaction,0
T0000121,2024-01-20 06:16:21,A100001,,payment,33.82,remittance,CN,mobile,normal transaction,0
T0000122,2024-01-20 08:14:40,A100107,,deposit,45.79,health,UA,branch,normal transaction,0
T0000123,2024-01-20 20:16:34,A100069,A100111,transfer,29.07,other,IN,mobile,normal transaction,0
T0000124,2024-01-21 00:16:22,A100086,A100171,transfer,12.11,salary,GB,mobile,normal transaction,0
T0000125,2024-01-21 04:44:17,A100032,,payment,9.83,grocery,RU,online,normal transaction,0
T0000126,2024-01-21 11:00:39,A100021,,payment,32.71,salary,GB,mobile,normal transaction,0
T0000127,2024-01-21 11:14:52,A100046,A100012,transfer,13.5,utilities,RU,atm,normal transaction,0
T0000128,2024-01-21 13:34:40,A100054,,payment,14.51,other,AE,atm,normal transaction,0
T0000129,2024-01-21 14:11:42,A100194,,payment,24.01,salary,CN,mobile,normal transaction,0
T0000130,2024-01-21 18:02:47,A100064,,deposit,42.31,electronics,UA,online,normal transaction,0
T0000131,2024-01-21 18:20:54,A100191,,payment,19.95,grocery,AE,branch,normal transaction,0
T0000132,2024-01-21 23:14:53,A100166,,deposit,7.78,electronics,IN,online,normal transaction,0
T0000133,2024-01-22 05:57:01,A100063,,payment,8.11,health,IN,branch,normal transaction,0
T0000134,2024-01-22 23:01:31,A100061,,payment,16.14,travel,UA,online,normal transaction,0
T0000135,2024-01-23 05:01:48,A100144,A100055,transfer,26.75,other,CN,atm,normal transaction,0
T0000136,2024-01-23 07:14:17,A100042,,payment,32.49,electronics,GB,atm,normal transaction,0
T0000137,2024-01-23 07:17:01,A100027,A100148,transfer,12.15,grocery,CN,mobile,normal transaction,0
T0000138,2024-01-23 07:30:55,A100101,,deposit,45.73,health,US,branch,normal transaction,0
T0000139,2024-01-23 12:59:51,A100026,A100178,transfer,14.48,utilities,US,online,normal transaction,0
T0000140,2024-01-24 02:05:46,A100088,A100136,transfer,66.03,salary,AE,online,normal transaction,0
T0000141,2024-01-24 03:06:30,A100129,,payment,22.17,remittance,IN,mobile,normal transaction,0
T0000142,2024-01-24 03:09:26,A100125,,payment,41.43,electronics,RU,atm,normal transaction,0
T0000143,2024-01-24 03:27:49,A100162,A100117,transfer,33.54,travel,RU,branch,normal transaction,0
T0000144,2024-01-24 17:23:52,A100187,A100133,transfer,141.34,utilities,UA,mobile,normal transaction,0
T0000145,2024-01-24 19:49:20,A100111,A100187,transfer,86.42,utilities,AE,branch,normal transaction,0
T0000146,2024-01-24 23:20:00,A100022,,payment,295.84,utilities,UA,branch,normal transaction,0
T0000147,2024-01-25 00:37:58,A100192,,withdrawal,14.76,other,RU,atm,normal transaction,0
T0000148,2024-01-25 03:07:30,A100007,A100126,transfer,15.5,remittance,GB,mobile,normal transaction,0
T0000149,2024-01-25 17:47:05,A100054,,payment,38.49,remittance,CN,atm,normal transaction,0
T0000150,2024-01-25 22:34:34,A100071,A100152,transfer,85.66,utilities,IN,branch,normal transaction,0
T0000151,2024-01-26 03:11:36,A100021,,withdrawal,18.6,health,RU,mobile,normal transaction,0
T0000152,2024-01-26 12:51:59,A100142,,payment,8.84,health,UA,mobile,normal transaction,0
T0000153,2024-01-26 23:39:44,A100114,,payment,206.74,grocery,US,atm,normal transaction,0
T0000154,2024-01-26 23:50:50,A100056,,deposit,107.71,salary,NG,atm,normal transaction,0
T0000155,2024-01-27 17:18:15,A100169,,withdrawal,20.71,remittance,UA,atm,normal transaction,0
T0000156,2024-01-27 20:54:39,A100108,A100190,transfer,29.53,remittance,AE,mobile,normal transaction,0
T0000157,2024-01-27 23:03:15,A100069,,withdrawal,114.18,utilities,CN,branch,normal transaction,0
T0000158,2024-01-27 23:17:10,A100030,,payment,33.29,health,AE,online,normal transaction,0
T0000159,2024-01-28 05:08:50,A100190,,payment,34.71,travel,NG,branch,normal transaction,0
T0000160,2024-01-28 12:43:34,A100189,,withdrawal,11.39,other,CN,atm,normal transaction,0
T0000161,2024-01-29 01:02:49,A100025,A100049,transfer,28.72,utilities,NG,atm,normal transaction,0
T0000162,2024-01-29 02:05:07,A100045,A100077,transfer,7.14,grocery,GB,atm,normal transaction,0
T0000163,2024-01-29 02:34:02,A100011,A100013,transfer,118.83,utilities,GB,mobile,normal transaction,0
T0000164,2024-01-29 05:30:20,A100026,,payment,107.69,grocery,CN,mobile,normal transaction,0
T0000165,2024-01-29 08:42:59,A100122,A100112,transfer,35.43,remittance,GB,online,normal transaction,0
T0000166,2024-01-29 17:05:14,A100064,A100122,transfer,63.14,electronics,US,mobile,normal transaction,0
T0000167,2024-01-29 21:57:28,A100125,,withdrawal,130.14,electronics,IN,branch,normal transaction,0
T0000168,2024-01-29 22:32:39,A100038,,deposit,95.43,utilities,US,branch,normal transaction,0
T0000169,2024-01-30 00:32:09,A100030,A100142,transfer,5.7,salary,NG,mobile,normal transaction,0
T0000170,2024-01-30 09:54:57,A100115,A100113,transfer,148.76,utilities,RU,atm,normal transaction,0
T0000171,2024-01-30 11:56:10,A100145,A100158,transfer,35.66,grocery,US,branch,normal transaction,0
T0000172,2024-01-30 19:52:07,A100160,,payment,6.03,health,CN,online,normal transaction,0
T0000173,2024-01-30 22:19:37,A100040,,payment,31.33,health,GB,online,normal transaction,0
T0000174,2024-01-31 01:02:27,A100040,A100000,transfer,8.98,salary,UA,mobile,normal transaction,0
T0000175,2024-01-31 01:21:23,A100074,,deposit,64.69,grocery,NG,atm,normal transaction,0
T0000176,2024-01-31 01:54:16,A100180,,withdrawal,47.78,utilities,UA,online,normal transaction,0
T0000177,2024-01-31 02:42:26,A100175,A100059,transfer,12.94,utilities,NG,mobile,normal transaction,0
T0000178,2024-01-31 11:47:28,A100029,A100139,transfer,12.36,health,GB,atm,normal transaction,0
T0000179,2024-01-31 12:38:43,A100036,,deposit,54.82,electronics,IN,branch,normal transaction,0
T0000180,2024-01-31 13:23:07,A100078,,withdrawal,29.75,utilities,UA,online,normal transaction,0
T0000181,2024-01-31 14:18:34,A100119,A100176,transfer,11.76,utilities,RU,atm,normal transaction,0
T0000182,2024-01-31 17:06:34,A100128,A100138,transfer,16.45,other,UA,online,normal transaction,0
T0000183,2024-02-01 01:22:55,A100153,,payment,41.02,grocery,RU,atm,normal transaction,0
T0000184,2024-02-01 01:38:02,A100154,,withdrawal,61.2,utilities,IN,online,normal transaction,0
T0000185,2024-02-01 02:26:59,A100058,,withdrawal,70.63,grocery,CN,online,normal transaction,0
T0000186,2024-02-01 04:18:03,A100195,A100193,transfer,7.28,travel,UA,mobile,normal transaction,0
T0000187,2024-02-01 06:47:03,A100071,A100046,transfer,129.91,salary,UA,online,normal transaction,0
T0000188,2024-02-01 06:56:01,A100120,,withdrawal,58.94,remittance,RU,atm,normal transaction,0
T0000189,2024-02-01 09:48:02,A100082,A100171,transfer,45.21,electronics,GB,atm,normal transaction,0
T0000190,2024-02-01 10:15:14,A100105,A100177,transfer,6.64,other,CN,mobile,normal transaction,0
T0000191,2024-02-01 11:30:30,A100194,A100140,transfer,40.59,grocery,UA,online,normal transaction,0
T0000192,2024-02-01 11:35:21,A100080,A100064,transfer,17.35,remittance,US,mobile,normal transaction,0
T0000193,2024-02-01 12:05:57,A100131,,payment,11.23,grocery,UA,mobile,normal transaction,0
T0000194,2024-02-01 15:42:02,A100013,A100048,transfer,32.85,remittance,UA,mobile,normal transaction,0
T0000195,2024-02-01 16:03:51,A100194,A100013,transfer,145.47,health,CN,branch,normal transaction,0
T0000196,2024-02-01 19:35:59,A100073,A100112,transfer,11.74,other,US,online,normal transaction,0
T0000197,2024-02-01 20:56:05,A100161,A100155,transfer,27.38,health,GB,atm,normal transaction,0
T0000198,2024-02-02 01:05:15,A100141,A100003,transfer,8.18,salary,US,branch,normal transaction,0
T0000199,2024-02-02 01:31:00,A100029,,withdrawal,58.15,other,US,branch,normal transaction,0
T0000200,2024-02-02 02:38:45,A100127,,withdrawal,18.31,utilities,CN,mobile,normal transaction,0
T0000201,2024-02-02 03:24:26,A100123,,payment,13.96,other,NG,mobile,normal transaction,0
T0000202,2024-02-02 03:44:30,A100141,A100037,transfer,43.4,salary,NG,branch,normal transaction,0
T0000203,2024-02-02 04:13:01,A100017,A100070,transfer,31.49,salary,AE,atm,normal transaction,0
T0000204,2024-02-02 18:10:23,A100000,,payment,18.6,utilities,CN,mobile,normal transaction,0
T0000205,2024-02-02 18:55:21,A100038,A100114,transfer,70.48,other,AE,atm,normal transaction,0
T0000206,2024-02-03 05:31:26,A100141,A100195,transfer,6.24,salary,UA,atm,normal transaction,0
T0000207,2024-02-03 11:23:37,A100048,,withdrawal,57.02,health,RU,branch,normal transaction,0
T0000208,2024-02-03 12:57:28,A100198,A100105,transfer,6.5,grocery,AE,mobile,normal transaction,0
T0000209,2024-02-03 13:26:44,A100180,A100097,transfer,34.75,salary,GB,mobile,normal transaction,0
T0000210,2024-02-03 14:48:28,A100009,A100032,transfer,31.0,remittance,US,mobile,normal transaction,0
T0000211,2024-02-03 17:50:59,A100025,,deposit,9.86,other,IN,branch,normal transaction,0
T0000212,2024-02-03 19:29:28,A100104,,deposit,90.59,travel,US,mobile,normal transaction,0
T0000213,2024-02-03 20:39:59,A100067,A100086,transfer,18.6,salary,US,atm,normal transaction,0
T0000214,2024-02-04 02:22:43,A100172,A100136,transfer,2.8,salary,AE,mobile,normal transaction,0
T0000215,2024-02-04 04:05:41,A100138,,payment,14.93,grocery,US,branch,normal transaction,0
T0000216,2024-02-04 11:11:49,A100161,,payment,48.0,utilities,NG,online,normal transaction,0
T0000217,2024-02-04 22:20:29,A100111,,withdrawal,18.1,electronics,US,mobile,normal transaction,0
T0000218,2024-02-04 22:36:59,A100042,A100177,transfer,106.46,utilities,IN,online,normal transaction,0
T0000219,2024-02-04 23:13:07,A100083,,payment,42.71,grocery,CN,atm,normal transaction,0
T0000220,2024-02-05 00:07:09,A100095,,withdrawal,49.13,salary,GB,branch,normal transaction,0
T0000221,2024-02-05 04:29:45,A100135,A100105,transfer,21.74,travel,GB,branch,normal transaction,0
T0000222,2024-02-05 06:16:25,A100020,,payment,110.08,salary,NG,mobile,normal transaction,0
T0000223,2024-02-05 08:35:12,A100149,A100036,transfer,22.02,health,UA,atm,normal transaction,0
T0000224,2024-02-05 11:04:16,A100117,A100065,transfer,33.73,grocery,UA,atm,normal transaction,0
T0000225,2024-02-05 12:07:41,A100173,,payment,177.05,travel,US,mobile,normal transaction,0
T0000226,2024-02-05 14:03:55,A100088,A100150,transfer,41.91,utilities,RU,atm,normal transaction,0
T0000227,2024-02-05 14:33:45,A100116,,payment,71.58,utilities,NG,mobile,normal transaction,0
T0000228,2024-02-05 18:30:53,A100123,A100027,transfer,46.46,health,RU,atm,normal transaction,0
T0000229,2024-02-05 22:23:08,A100147,A100075,transfer,21.86,utilities,IN,mobile,normal transaction,0
T0000230,2024-02-06 07:21:31,A100070,,payment,20.92,grocery,IN,mobile,normal transaction,0
T0000231,2024-02-06 08:30:04,A100073,A100198,transfer,14.16,health,AE,branch,normal transaction,0
T0000232,2024-02-06 08:38:15,A100162,A100048,transfer,53.46,utilities,GB,online,normal transaction,0
T0000233,2024-02-06 10:18:43,A100160,,payment,46.23,grocery,CN,mobile,normal transaction,0
T0000234,2024-02-06 10:46:51,A100008,,payment,25.28,remittance,GB,online,normal transaction,0
T0000235,2024-02-06 17:09:53,A100075,,deposit,12.44,remittance,RU,branch,normal transaction,0
T0000236,2024-02-06 18:12:22,A100051,A100033,transfer,79.01,remittance,CN,branch,normal transaction,0
T0000237,2024-02-06 22:56:31,A100065,A100123,transfer,128.46,utilities,AE,online,normal transaction,0
T0000238,2024-02-07 00:06:08,A100119,A100019,transfer,5.59,travel,NG,mobile,normal transaction,0
T0000239,2024-02-07 02:34:54,A100142,,payment,147.83,remittance,US,mobile,normal transaction,0
T0000240,2024-02-07 03:14:51,A100003,A100067,transfer,382.13,electronics,UA,atm,normal transaction,0
T0000241,2024-02-07 03:19:14,A100172,,payment,37.68,utilities,RU,atm,normal transaction,0
T0000242,2024-02-07 14:04:49,A100027,A100172,transfer,53.57,health,UA,online,normal transaction,0
T0000243,2024-02-07 18:59:37,A100158,,withdrawal,41.42,remittance,NG,online,normal transaction,0
T0000244,2024-02-07 22:25:42,A100162,A100118,transfer,162.91,utilities,RU,online,normal transaction,0
T0000245,2024-02-08 09:19:22,A100035,,payment,19.86,grocery,IN,atm,normal transaction,0
T0000246,2024-02-08 11:43:12,A100126,,deposit,35.01,electronics,US,branch,normal transaction,0
T0000247,2024-02-08 15:17:55,A100137,A100034,transfer,98.91,salary,UA,atm,normal transaction,0
T0000248,2024-02-08 15:31:25,A100171,A100190,transfer,12.04,salary,GB,mobile,normal transaction,0
T0000249,2024-02-08 18:36:25,A100167,,payment,6.33,electronics,UA,mobile,normal transaction,0
T0000250,2024-02-08 20:18:27,A100071,A100008,transfer,23.67,remittance,NG,mobile,normal transaction,0
T0000251,2024-02-08 21:19:30,A100113,A100060,transfer,175.74,remittance,US,atm,normal transaction,0
T0000252,2024-02-08 21:55:56,A100139,,withdrawal,2.23,remittance,IN,mobile,normal transaction,0
T0000253,2024-02-09 07:47:07,A100070,A100048,transfer,31.37,electronics,UA,online,normal transaction,0
T0000254,2024-02-09 11:15:39,A100169,A100054,transfer,25.31,grocery,IN,atm,normal transaction,0
T0000255,2024-02-09 11:37:03,A100062,,payment,10.95,travel,NG,online,normal transaction,0
T0000256,2024-02-09 14:24:27,A100195,A100141,transfer,33.58,health,NG,branch,normal transaction,0
T0000257,2024-02-09 15:20:59,A100084,,payment,32.33,travel,IN,atm,normal transaction,0
T0000258,2024-02-09 16:16:05,A100037,,withdrawal,32.05,travel,CN,branch,normal transaction,0
T0000259,2024-02-09 19:35:46,A100028,,deposit,19.23,grocery,GB,online,normal transaction,0
T0000260,2024-02-10 01:34:19,A100091,A100060,transfer,2.34,remittance,IN,branch,normal transaction,0
T0000261,2024-02-10 03:37:13,A100067,A100013,transfer,98.64,travel,RU,online,normal transaction,0
T0000262,2024-02-10 04:17:42,A100190,,withdrawal,8.11,electronics,UA,mobile,normal transaction,0
T0000263,2024-02-10 08:25:34,A100199,A100092,transfer,15.21,electronics,UA,branch,normal transaction,0
T0000264,2024-02-10 08:31:44,A100157,,withdrawal,84.41,grocery,CN,mobile,normal transaction,0
T0000265,2024-02-10 08:38:19,A100164,,withdrawal,118.1,grocery,IN,mobile,normal transaction,0
T0000266,2024-02-10 09:41:22,A100102,A100109,transfer,19.6,electronics,UA,mobile,normal transaction,0
T0000267,2024-02-10 13:55:12,A100018,,withdrawal,54.02,electronics,AE,branch,normal transaction,0
T0000268,2024-02-10 14:20:20,A100016,,withdrawal,67.42,travel,CN,atm,normal transaction,0
T0000269,2024-02-10 21:25:54,A100097,A100152,transfer,51.64,utilities,UA,mobile,normal transaction,0
T0000270,2024-02-11 01:50:35,A100025,,withdrawal,59.93,electronics,NG,mobile,normal transaction,0
T0000271,2024-02-11 01:53:43,A100115,,deposit,24.3,health,RU,atm,normal transaction,0
T0000272,2024-02-11 02:49:38,A100116,,deposit,45.88,salary,RU,online,normal transaction,0
T0000273,2024-02-11 05:00:57,A100080,,payment,9.48,salary,AE,atm,normal transaction,0
T0000274,2024-02-11 11:49:07,A100095,A100039,transfer,16.37,other,US,online,normal transaction,0
T0000275,2024-02-11 15:23:16,A100021,,withdrawal,8.1,electronics,RU,online,normal transaction,0
T0000276,2024-02-11 19:18:07,A100190,A100189,transfer,4.13,remittance,GB,online,normal transaction,0
T0000277,2024-02-11 20:41:49,A100150,,payment,180.63,remittance,US,mobile,normal transaction,0
T0000278,2024-02-12 02:27:57,A100090,,deposit,31.89,salary,IN,atm,normal transaction,0
T0000279,2024-02-12 11:27:50,A100153,,payment,99.81,utilities,AE,online,normal transaction,0
T0000280,2024-02-12 13:40:44,A100147,,deposit,45.05,health,GB,mobile,normal transaction,0
T0000281,2024-02-12 17:41:37,A100057,,withdrawal,5.99,electronics,AE,atm,normal transaction,0
T0000282,2024-02-12 18:17:38,A100029,,payment,33.73,utilities,NG,mobile,normal transaction,0
T0000283,2024-02-12 19:02:50,A100143,,withdrawal,46.88,grocery,CN,online,normal transaction,0
T0000284,2024-02-12 19:07:17,A100046,,payment,40.28,utilities,CN,atm,normal transaction,0
T0000285,2024-02-12 20:24:09,A100089,A100001,transfer,12.45,travel,GB,mobile,normal transaction,0
T0000286,2024-02-13 00:37:04,A100017,,payment,42.78,travel,IN,online,normal transaction,0
T0000287,2024-02-13 04:17:17,A100191,A100135,transfer,88.47,health,RU,mobile,normal transaction,0
T0000288,2024-02-13 05:03:33,A100116,,payment,5.25,remittance,GB,atm,normal transaction,0
T0000289,2024-02-13 07:59:09,A100079,,deposit,9.21,remittance,US,online,normal transaction,0
T0000290,2024-02-13 08:42:47,A100039,A100040,transfer,39.92,grocery,US,atm,normal transaction,0
T0000291,2024-02-13 09:50:20,A100113,A100169,transfer,15.56,salary,UA,mobile,normal transaction,0
T0000292,2024-02-13 11:12:05,A100106,A100069,transfer,12.48,health,US,atm,normal transaction,0
T0000293,2024-02-13 14:32:38,A100110,A100028,transfer,94.98,utilities,UA,atm,normal transaction,0
T0000294,2024-02-13 18:54:09,A100011,,payment,14.04,health,RU,online,normal transaction,0
T0000295,2024-02-13 19:01:45,A100001,,withdrawal,66.71,health,CN,branch,normal transaction,0
T0000296,2024-02-13 22:38:43,A100196,,deposit,428.41,travel,CN,atm,normal transaction,0
T0000297,2024-02-14 00:16:21,A100083,,payment,30.08,electronics,IN,mobile,normal transaction,0
T0000298,2024-02-14 00:43:24,A100191,,deposit,31.98,salary,GB,branch,normal transaction,0
T0000299,2024-02-14 05:23:15,A100097,A100136,transfer,194.57,health,AE,online,normal transaction,0
T0000300,2024-02-14 06:31:08,A100101,,payment,62.33,grocery,RU,online,normal transaction,0
T0000301,2024-02-14 07:47:22,A100117,A100019,transfer,87.58,remittance,RU,mobile,normal transaction,0
T0000302,2024-02-14 09:34:50,A100181,,deposit,30.74,salary,CN,online,normal transaction,0
T0000303,2024-02-14 10:23:58,A100103,A100005,transfer,61.6,remittance,GB,mobile,normal transaction,0
T0000304,2024-02-14 18:39:07,A100176,A100092,transfer,57.96,electronics,RU,online,normal transaction,0
T0000305,2024-02-14 23:21:58,A100062,,payment,97.59,salary,RU,online,normal transaction,0
T0000306,2024-02-15 00:30:54,A100101,A100079,transfer,50.89,remittance,NG,atm,normal transaction,0
T0000307,2024-02-15 01:18:41,A100199,A100043,transfer,40.76,electronics,US,branch,normal transaction,0
T0000308,2024-02-15 11:11:41,A100198,,deposit,11.23,remittance,AE,branch,normal transaction,0
T0000309,2024-02-15 21:31:25,A100060,,payment,94.93,electronics,GB,atm,normal transaction,0
T0000310,2024-02-16 09:04:20,A100050,A100044,transfer,34.07,travel,US,branch,normal transaction,0
T0000311,2024-02-16 10:36:34,A100197,,payment,34.12,other,UA,mobile,normal transaction,0
T0000312,2024-02-16 10:45:37,A100174,A100144,transfer,21.45,remittance,AE,branch,normal transaction,0
T0000313,2024-02-16 11:04:50,A100112,A100017,transfer,24.31,other,UA,atm,normal transaction,0
T0000314,2024-02-16 12:44:30,A100070,A100151,transfer,27.47,grocery,AE,online,normal transaction,0
T0000315,2024-02-16 15:50:36,A100079,,payment,21.33,other,UA,online,normal transaction,0
T0000316,2024-02-16 17:22:43,A100014,A100094,transfer,43.25,utilities,US,online,normal transaction,0
T0000317,2024-02-16 18:26:22,A100157,,deposit,80.61,salary,UA,online,normal transaction,0
T0000318,2024-02-17 02:36:12,A100115,,deposit,35.96,health,AE,mobile,normal transaction,0
T0000319,2024-02-17 13:47:43,A100128,,payment,96.11,travel,IN,mobile,normal transaction,0
T0000320,2024-02-18 14:31:26,A100026,A100087,transfer,19.74,electronics,GB,online,normal transaction,0
T0000321,2024-02-18 17:08:19,A100063,A100181,transfer,135.55,other,UA,branch,normal transaction,0
T0000322,2024-02-19 01:24:51,A100093,,payment,21.21,remittance,CN,mobile,normal transaction,0
T0000323,2024-02-19 03:36:08,A100104,A100198,transfer,141.65,remittance,IN,atm,normal transaction,0
T0000324,2024-02-19 04:41:36,A100016,,deposit,8.63,remittance,US,mobile,normal transaction,0
T0000325,2024-02-19 06:05:56,A100072,,withdrawal,13.21,utilities,GB,atm,normal transaction,0
T0000326,2024-02-19 06:16:15,A100020,,deposit,31.99,travel,AE,atm,normal transaction,0
T0000327,2024-02-19 08:12:39,A100167,A100178,transfer,41.86,salary,GB,online,normal transaction,0
T0000328,2024-02-19 09:11:44,A100079,,payment,88.62,salary,AE,branch,normal transaction,0
T0000329,2024-02-19 20:46:40,A100171,A100179,transfer,26.74,electronics,RU,atm,normal transaction,0
T0000330,2024-02-20 00:34:45,A100004,,withdrawal,39.11,remittance,CN,branch,normal transaction,0
T0000331,2024-02-20 04:19:20,A100054,A100087,transfer,54.19,other,NG,branch,normal transaction,0
T0000332,2024-02-20 05:22:16,A100035,,withdrawal,17.76,travel,US,atm,normal transaction,0
T0000333,2024-02-20 11:25:12,A100025,A100129,transfer,19.0,grocery,AE,branch,normal transaction,0
T0000334,2024-02-20 11:39:29,A100152,,payment,137.07,salary,GB,branch,normal transaction,0
T0000335,2024-02-20 16:25:16,A100046,,withdrawal,18.71,travel,UA,online,normal transaction,0
T0000336,2024-02-20 23:11:19,A100105,,withdrawal,40.57,remittance,NG,mobile,normal transaction,0
T0000337,2024-02-21 02:47:01,A100156,A100072,transfer,7.27,other,NG,branch,normal transaction,0
T0000338,2024-02-21 03:10:02,A100079,,payment,17.94,other,NG,atm,normal transaction,0
T0000339,2024-02-21 11:57:03,A100173,,payment,22.47,other,UA,atm,normal transaction,0
T0000340,2024-02-21 19:52:35,A100199,,payment,63.98,salary,RU,branch,normal transaction,0
T0000341,2024-02-21 20:14:25,A100051,A100154,transfer,247.2,travel,CN,online,normal transaction,0
T0000342,2024-02-21 22:06:19,A100164,,withdrawal,32.04,other,AE,online,normal transaction,0
T0000343,2024-02-21 22:26:36,A100182,,withdrawal,199.25,electronics,CN,online,normal transaction,0
T0000344,2024-02-22 03:02:31,A100195,,deposit,32.58,travel,CN,mobile,normal transaction,0
T0000345,2024-02-22 05:39:43,A100131,A100037,transfer,108.68,salary,US,branch,normal transaction,0
T0000346,2024-02-22 12:37:35,A100115,A100089,transfer,65.49,grocery,RU,online,normal transaction,0
T0000347,2024-02-22 13:52:08,A100101,,payment,209.92,remittance,NG,mobile,normal transaction,0
T0000348,2024-02-22 20:15:19,A100020,A100095,transfer,75.22,health,IN,atm,normal transaction,0
T0000349,2024-02-23 01:02:15,A100025,A100182,transfer,55.0,remittance,GB,branch,normal transaction,0
T0000350,2024-02-23 04:53:35,A100009,,payment,28.02,utilities,UA,branch,normal transaction,0
T0000351,2024-02-23 06:31:32,A100194,A100180,transfer,38.35,other,UA,online,normal transaction,0
T0000352,2024-02-23 07:13:35,A100020,,payment,34.08,grocery,CN,branch,normal transaction,0
T0000353,2024-02-23 07:15:07,A100038,,withdrawal,118.92,salary,US,atm,normal transaction,0
T0000354,2024-02-23 11:05:24,A100060,,payment,8.5,utilities,US,online,normal transaction,0
T0000355,2024-02-23 15:06:37,A100061,A100107,transfer,69.84,other,US,online,normal transaction,0
T0000356,2024-02-23 21:09:50,A100127,,deposit,42.49,grocery,NG,branch,normal transaction,0
T0000357,2024-02-24 10:21:01,A100074,A100109,transfer,160.37,grocery,AE,branch,normal transaction,0
T0000358,2024-02-24 14:21:20,A100146,,payment,21.19,salary,GB,online,normal transaction,0
T0000359,2024-02-24 15:47:15,A100134,A100092,transfer,40.21,electronics,IN,mobile,normal transaction,0
T0000360,2024-02-24 16:03:59,A100120,A100011,transfer,109.4,salary,AE,atm,normal transaction,0
T0000361,2024-02-24 16:15:13,A100191,,payment,7.22,grocery,AE,online,normal transaction,0
T0000362,2024-02-25 06:46:27,A100088,,payment,18.94,health,US,atm,normal transaction,0
T0000363,2024-02-25 12:27:13,A100034,,deposit,48.29,grocery,AE,atm,normal transaction,0
T0000364,2024-02-25 12:32:35,A100164,A100044,transfer,158.46,other,UA,branch,normal transaction,0
T0000365,2024-02-25 17:08:31,A100034,A100016,transfer,31.01,other,IN,atm,normal transaction,0
T0000366,2024-02-25 18:25:14,A100051,,payment,7.78,grocery,NG,online,normal transaction,0
T0000367,2024-02-25 19:08:06,A100080,,payment,3.67,utilities,RU,mobile,normal transaction,0
T0000368,2024-02-25 23:52:03,A100064,,withdrawal,42.26,grocery,NG,atm,normal transaction,0
T0000369,2024-02-26 04:07:07,A100091,,withdrawal,18.84,grocery,AE,atm,normal transaction,0
T0000370,2024-02-26 16:10:16,A100031,,withdrawal,63.45,remittance,RU,mobile,normal transaction,0
T0000371,2024-02-26 18:20:53,A100190,A100112,transfer,29.99,salary,AE,branch,normal transaction,0
T0000372,2024-02-26 20:22:31,A100127,,withdrawal,31.64,other,AE,atm,normal transaction,0
T0000373,2024-02-27 05:21:22,A100021,,withdrawal,42.24,salary,US,mobile,normal transaction,0
T0000374,2024-02-27 06:18:53,A100154,,deposit,9.47,travel,CN,atm,normal transaction,0
T0000375,2024-02-27 14:18:20,A100026,A100020,transfer,140.3,remittance,CN,atm,normal transaction,0
T0000376,2024-02-28 04:05:52,A100114,,withdrawal,46.65,salary,GB,mobile,normal transaction,0
T0000377,2024-02-28 09:59:33,A100089,,payment,52.29,other,IN,atm,normal transaction,0
T0000378,2024-02-28 15:43:05,A100157,A100111,transfer,40.31,utilities,IN,online,normal transaction,0
T0000379,2024-02-28 22:05:13,A100171,A100163,transfer,67.29,salary,AE,branch,normal transaction,0
T0000380,2024-02-28 22:35:09,A100007,,deposit,16.84,travel,UA,online,normal transaction,0
T0000381,2024-02-28 23:28:51,A100032,A100017,transfer,200.53,health,AE,atm,normal transaction,0
T0000382,2024-02-28 23:44:46,A100098,A100145,transfer,76.76,grocery,GB,mobile,normal transaction,0
T0000383,2024-02-29 01:13:56,A100094,A100095,transfer,17.24,other,US,branch,normal transaction,0
T0000384,2024-02-29 01:16:44,A100135,,deposit,21.07,remittance,RU,atm,normal transaction,0
T0000385,2024-02-29 04:56:39,A100166,,withdrawal,2.93,utilities,NG,online,normal transaction,0
T0000386,2024-02-29 09:41:37,A100006,,payment,12.59,travel,UA,mobile,normal transaction,0
T0000387,2024-02-29 10:48:07,A100143,,payment,31.57,electronics,CN,atm,normal transaction,0
T0000388,2024-02-29 11:25:00,A100180,A100114,transfer,148.92,health,CN,mobile,normal transaction,0
T0000389,2024-02-29 14:41:50,A100051,,deposit,79.63,electronics,GB,online,normal transaction,0
T0000390,2024-02-29 16:16:41,A100115,A100044,transfer,25.86,other,US,atm,normal transaction,0
T0000391,2024-02-29 16:24:47,A100170,,deposit,16.74,remittance,US,atm,normal transaction,0
T0000392,2024-02-29 18:26:09,A100076,,deposit,199.87,travel,GB,atm,normal transaction,0
T0000393,2024-03-01 00:53:07,A100130,,withdrawal,62.86,health,US,branch,normal transaction,0
T0000394,2024-03-01 01:37:06,A100035,,deposit,134.2,health,UA,online,normal transaction,0
T0000395,2024-03-01 01:44:48,A100092,,payment,83.48,remittance,UA,branch,normal transaction,0
T0000396,2024-03-01 01:57:36,A100156,A100022,transfer,66.57,electronics,CN,mobile,normal transaction,0
T0000397,2024-03-01 06:58:05,A100183,,payment,49.08,other,RU,mobile,normal transaction,0
T0000398,2024-03-01 08:37:36,A100147,,payment,123.64,electronics,GB,atm,normal transaction,0
T0000399,2024-03-01 11:02:05,A100164,A100018,transfer,40.35,other,UA,atm,normal transaction,0
T0000400,2024-03-01 14:01:27,A100032,A100199,transfer,17.26,travel,GB,mobile,normal transaction,0
T0000401,2024-03-01 22:14:25,A100128,,withdrawal,20.41,grocery,US,branch,normal transaction,0
T0000402,2024-03-02 13:08:12,A100077,A100042,transfer,55.86,travel,AE,branch,normal transaction,0
T0000403,2024-03-02 17:26:12,A100088,A100132,transfer,18.66,utilities,US,atm,normal transaction,0
T0000404,2024-03-02 20:40:43,A100050,A100162,transfer,34.4,utilities,GB,atm,normal transaction,0
T0000405,2024-03-02 21:34:08,A100157,A100136,transfer,37.34,electronics,GB,branch,normal transaction,0
T0000406,2024-03-02 21:52:07,A100043,,deposit,25.6,remittance,IN,online,normal transaction,0
T0000407,2024-03-03 05:58:36,A100020,A100011,transfer,6.24,utilities,NG,mobile,normal transaction,0
T0000408,2024-03-03 11:24:24,A100158,A100163,transfer,9.72,grocery,UA,atm,normal transaction,0
T0000409,2024-03-04 04:58:58,A100164,,deposit,7.66,utilities,UA,branch,normal transaction,0
T0000410,2024-03-04 13:03:12,A100175,A100103,transfer,178.38,utilities,UA,online,normal transaction,0
T0000411,2024-03-04 15:43:14,A100176,,payment,20.93,grocery,GB,mobile,normal transaction,0
T0000412,2024-03-05 00:57:32,A100106,A100123,transfer,63.58,other,NG,atm,normal transaction,0
T0000413,2024-03-05 10:41:49,A100155,,withdrawal,6.85,travel,AE,atm,normal transaction,0
T0000414,2024-03-05 14:35:55,A100187,A100088,transfer,17.72,salary,GB,atm,normal transaction,0
T0000415,2024-03-05 19:37:52,A100131,,payment,49.2,electronics,AE,branch,normal transaction,0
T0000416,2024-03-05 20:25:24,A100119,,withdrawal,32.28,electronics,CN,mobile,normal transaction,0
T0000417,2024-03-05 21:33:33,A100063,,payment,106.99,travel,US,online,normal transaction,0
T0000418,2024-03-05 23:54:59,A100074,A100098,transfer,104.46,salary,NG,branch,normal transaction,0
T0000419,2024-03-06 00:37:50,A100083,A100147,transfer,5.81,remittance,NG,branch,normal transaction,0
T0000420,2024-03-06 14:34:45,A100127,,withdrawal,9.07,other,UA,atm,normal transaction,0
T0000421,2024-03-06 20:31:07,A100127,,deposit,105.72,grocery,US,mobile,normal transaction,0
T0000422,2024-03-07 10:31:15,A100129,A100117,transfer,35.76,health,NG,atm,normal transaction,0
T0000423,2024-03-07 12:09:53,A100012,,payment,9.18,grocery,CN,mobile,normal transaction,0
T0000424,2024-03-07 14:25:09,A100152,,withdrawal,148.53,other,CN,online,normal transaction,0
T0000425,2024-03-07 15:09:00,A100027,,withdrawal,77.5,salary,GB,atm,normal transaction,0
T0000426,2024-03-07 15:17:57,A100186,A100093,transfer,24.01,salary,AE,online,normal transaction,0
T0000427,2024-03-07 22:44:06,A100102,,payment,264.21,grocery,NG,atm,normal transaction,0
T0000428,2024-03-08 02:15:22,A100141,,payment,25.56,utilities,US,mobile,normal transaction,0
T0000429,2024-03-08 03:30:48,A100129,,deposit,27.21,other,CN,online,normal transaction,0
T0000430,2024-03-08 06:32:36,A100032,,payment,68.9,electronics,RU,atm,normal transaction,0
T0000431,2024-03-08 08:03:48,A100086,A100142,transfer,30.55,remittance,GB,branch,normal transaction,0
T0000432,2024-03-08 08:13:59,A100154,,deposit,82.79,salary,IN,online,normal transaction,0
T0000433,2024-03-08 10:39:32,A100009,A100035,transfer,46.83,remittance,UA,mobile,normal transaction,0
T0000434,2024-03-08 13:20:35,A100038,A100155,transfer,100.3,travel,AE,atm,normal transaction,0
T0000435,2024-03-08 14:14:41,A100041,A100100,transfer,11.71,utilities,AE,mobile,normal transaction,0
T0000436,2024-03-09 04:15:33,A100181,,deposit,17.75,utilities,UA,online,normal transaction,0
T0000437,2024-03-09 12:21:47,A100094,,withdrawal,224.53,remittance,US,mobile,normal transaction,0
T0000438,2024-03-09 17:04:54,A100149,,payment,38.49,utilities,IN,mobile,normal transaction,0
T0000439,2024-03-09 19:49:54,A100067,A100167,transfer,47.7,health,IN,mobile,normal transaction,0
T0000440,2024-03-10 03:57:32,A100043,A100134,transfer,100.04,salary,GB,branch,normal transaction,0
T0000441,2024-03-10 04:55:50,A100008,A100146,transfer,108.53,electronics,NG,online,normal transaction,0
T0000442,2024-03-10 06:55:59,A100112,A100080,transfer,44.82,salary,GB,mobile,normal transaction,0
T0000443,2024-03-11 12:41:59,A100176,,deposit,15.58,health,RU,mobile,normal transaction,0
T0000444,2024-03-12 03:49:09,A100188,A100186,transfer,45.67,grocery,GB,branch,normal transaction,0
T0000445,2024-03-12 07:10:02,A100143,A100083,transfer,50.5,other,RU,atm,normal transaction,0
T0000446,2024-03-12 15:35:56,A100044,A100117,transfer,108.8,remittance,AE,atm,normal transaction,0
T0000447,2024-03-12 22:11:48,A100156,,payment,9.7,other,NG,branch,normal transaction,0
T0000448,2024-03-13 04:35:27,A100071,A100142,transfer,28.5,utilities,NG,atm,normal transaction,0
T0000449,2024-03-13 07:44:10,A100197,,deposit,37.55,utilities,NG,mobile,normal transaction,0
T0000450,2024-03-13 09:18:20,A100081,A100122,transfer,163.12,remittance,CN,atm,normal transaction,0
T0000451,2024-03-13 11:16:23,A100031,A100146,transfer,14.2,salary,RU,atm,normal transaction,0
T0000452,2024-03-13 12:21:28,A100197,A100037,transfer,171.06,utilities,IN,atm,normal transaction,0
T0000453,2024-03-13 16:13:21,A100182,A100020,transfer,90.91,remittance,UA,atm,normal transaction,0
T0000454,2024-03-13 18:07:59,A100191,,payment,2.72,other,NG,branch,normal transaction,0
T0000455,2024-03-13 18:14:13,A100137,A100069,transfer,327.32,utilities,GB,online,normal transaction,0
T0000456,2024-03-13 20:09:01,A100157,A100189,transfer,92.07,health,NG,online,normal transaction,0
T0000457,2024-03-13 23:53:43,A100171,,payment,379.84,health,NG,online,normal transaction,0
T0000458,2024-03-14 06:36:05,A100025,A100105,transfer,70.73,remittance,UA,online,normal transaction,0
T0000459,2024-03-14 07:43:03,A100174,,payment,43.87,travel,IN,branch,normal transaction,0
T0000460,2024-03-14 07:57:58,A100104,,payment,15.58,other,UA,branch,normal transaction,0
T0000461,2024-03-14 10:37:38,A100193,,withdrawal,25.01,utilities,AE,atm,normal transaction,0
T0000462,2024-03-14 11:58:06,A100165,A100015,transfer,39.64,electronics,NG,online,normal transaction,0
T0000463,2024-03-14 13:27:36,A100044,A100106,transfer,133.22,travel,IN,mobile,normal transaction,0
T0000464,2024-03-14 18:29:50,A100126,,withdrawal,12.4,travel,CN,online,normal transaction,0
T0000465,2024-03-14 19:17:47,A100002,A100076,transfer,26.45,electronics,AE,atm,normal transaction,0
T0000466,2024-03-14 20:05:49,A100116,A100164,transfer,18.15,other,GB,mobile,normal transaction,0
T0000467,2024-03-14 23:26:52,A100069,,withdrawal,45.59,health,US,atm,normal transaction,0
T0000468,2024-03-15 12:37:38,A100041,A100187,transfer,41.43,other,CN,branch,normal transaction,0
T0000469,2024-03-15 12:48:17,A100003,A100188,transfer,129.56,remittance,CN,branch,normal transaction,0
T0000470,2024-03-16 00:54:05,A100044,A100156,transfer,34.77,salary,RU,atm,normal transaction,0
T0000471,2024-03-16 01:56:12,A100022,,withdrawal,34.49,salary,US,branch,normal transaction,0
T0000472,2024-03-16 05:42:47,A100035,A100122,transfer,9.55,remittance,NG,online,normal transaction,0
T0000473,2024-03-16 11:46:44,A100066,,withdrawal,16.56,salary,NG,mobile,normal transaction,0
T0000474,2024-03-16 18:41:47,A100192,A100068,transfer,16.89,remittance,CN,online,normal transaction,0
T0000475,2024-03-16 22:36:27,A100066,A100167,transfer,43.77,remittance,NG,online,normal transaction,0
T0000476,2024-03-17 02:08:27,A100170,,withdrawal,62.41,electronics,UA,atm,normal transaction,0
T0000477,2024-03-17 03:07:04,A100040,,deposit,50.09,salary,CN,online,normal transaction,0
T0000478,2024-03-17 03:12:48,A100163,A100075,transfer,86.82,remittance,NG,branch,normal transaction,0
T0000479,2024-03-17 04:16:08,A100034,A100122,transfer,302.03,travel,UA,atm,normal transaction,0
T0000480,2024-03-17 07:52:45,A100106,A100179,transfer,14.83,other,NG,branch,normal transaction,0
T0000481,2024-03-17 10:06:54,A100174,A100193,transfer,170.57,electronics,UA,atm,normal transaction,0
T0000482,2024-03-17 14:49:52,A100019,,payment,58.5,electronics,IN,branch,normal transaction,0
T0000483,2024-03-17 16:06:46,A100146,,deposit,168.75,travel,GB,atm,normal transaction,0
T0000484,2024-03-17 16:28:15,A100133,,payment,18.51,other,US,branch,normal transaction,0
T0000485,2024-03-17 17:29:56,A100183,A100149,transfer,12.0,other,US,mobile,normal transaction,0
T0000486,2024-03-17 17:47:12,A100014,A100116,transfer,41.84,travel,RU,mobile,normal transaction,0
T0000487,2024-03-18 02:16:13,A100144,A100014,transfer,6.99,other,CN,online,normal transaction,0
T0000488,2024-03-18 05:18:56,A100101,A100065,transfer,113.03,grocery,NG,online,normal transaction,0
T0000489,2024-03-19 01:52:24,A100011,A100108,transfer,9.88,remittance,US,online,normal transaction,0
T0000490,2024-03-19 05:08:13,A100017,A100120,transfer,16.36,grocery,CN,mobile,normal transaction,0
T0000491,2024-03-19 08:26:30,A100046,,payment,31.32,travel,RU,atm,normal transaction,0
T0000492,2024-03-19 09:12:45,A100097,A100114,transfer,39.23,salary,RU,online,normal transaction,0
T0000493,2024-03-19 09:37:09,A100174,A100169,transfer,8.05,travel,AE,online,normal transaction,0
T0000494,2024-03-19 15:15:51,A100045,A100137,transfer,98.62,salary,GB,branch,normal transaction,0
T0000495,2024-03-20 01:44:35,A100000,,withdrawal,60.89,grocery,CN,mobile,normal transaction,0
T0000496,2024-03-20 03:46:54,A100172,,withdrawal,111.4,salary,RU,branch,normal transaction,0
T0000497,2024-03-20 06:43:31,A100063,A100117,transfer,38.16,remittance,GB,atm,normal transaction,0
T0000498,2024-03-20 07:05:55,A100048,,payment,37.85,electronics,IN,mobile,normal transaction,0
T0000499,2024-03-20 13:11:31,A100157,A100196,transfer,28.43,grocery,NG,branch,normal transaction,0
T0000500,2024-03-20 13:20:21,A100017,A100025,transfer,15.09,grocery,UA,online,normal transaction,0
T0000501,2024-03-20 13:42:21,A100062,,payment,8.75,grocery,RU,mobile,normal transaction,0
T0000502,2024-03-20 16:56:01,A100059,A100138,transfer,10.99,health,IN,branch,normal transaction,0
T0000503,2024-03-20 20:36:16,A100128,A100074,transfer,3.85,health,AE,atm,normal transaction,0
T0000504,2024-03-21 06:40:37,A100060,A100077,transfer,35.94,travel,NG,mobile,normal transaction,0
T0000505,2024-03-21 08:35:35,A100076,,payment,30.0,utilities,IN,branch,normal transaction,0
T0000506,2024-03-21 16:41:40,A100160,,payment,16.98,salary,UA,online,normal transaction,0
T0000507,2024-03-21 17:01:55,A100088,A100164,transfer,89.3,salary,AE,mobile,normal transaction,0
T0000508,2024-03-21 17:47:39,A100104,A100038,transfer,34.06,utilities,RU,branch,normal transaction,0
T0000509,2024-03-21 21:53:29,A100193,,payment,32.81,other,NG,branch,normal transaction,0
T0000510,2024-03-21 22:27:36,A100076,,payment,32.3,travel,UA,online,normal transaction,0
T0000511,2024-03-22 02:11:17,A100143,,payment,75.02,salary,RU,branch,normal transaction,0
T0000512,2024-03-22 02:57:24,A100099,A100062,transfer,11.41,utilities,NG,atm,normal transaction,0
T0000513,2024-03-22 04:47:21,A100165,,deposit,24.4,electronics,UA,atm,normal transaction,0
T0000514,2024-03-22 04:53:37,A100023,,deposit,35.05,health,IN,atm,normal transaction,0
T0000515,2024-03-22 18:23:53,A100096,A100172,transfer,56.24,grocery,US,branch,normal transaction,0
T0000516,2024-03-22 19:53:34,A100194,A100150,transfer,12.94,health,UA,branch,normal transaction,0
T0000517,2024-03-22 23:59:18,A100085,,withdrawal,28.67,utilities,IN,branch,normal transaction,0
T0000518,2024-03-23 03:51:15,A100048,A100189,transfer,26.75,electronics,UA,branch,normal transaction,0
T0000519,2024-03-23 04:05:37,A100178,,payment,147.04,health,RU,branch,normal transaction,0
T0000520,2024-03-23 04:19:54,A100141,A100082,transfer,17.93,utilities,RU,mobile,normal transaction,0
T0000521,2024-03-23 09:02:39,A100136,,deposit,24.47,remittance,CN,atm,normal transaction,0
T0000522,2024-03-23 11:53:34,A100092,,payment,51.26,other,UA,online,normal transaction,0
T0000523,2024-03-23 13:21:19,A100184,A100120,transfer,108.92,remittance,NG,atm,normal transaction,0
T0000524,2024-03-23 16:21:00,A100080,A100105,transfer,8.44,grocery,NG,branch,normal transaction,0
T0000525,2024-03-23 18:11:02,A100004,A100066,transfer,26.45,salary,CN,branch,normal transaction,0
T0000526,2024-03-24 01:12:51,A100050,A100084,transfer,18.61,health,RU,branch,normal transaction,0
T0000527,2024-03-24 01:17:30,A100127,,withdrawal,2.48,remittance,CN,mobile,normal transaction,0
T0000528,2024-03-24 07:00:17,A100185,,deposit,7.55,other,UA,branch,normal transaction,0
T0000529,2024-03-24 07:03:12,A100187,,withdrawal,39.78,remittance,GB,branch,normal transaction,0
T0000530,2024-03-24 21:57:04,A100184,,payment,32.61,other,GB,online,normal transaction,0
T0000531,2024-03-24 22:24:57,A100134,A100008,transfer,59.1,electronics,IN,online,normal transaction,0
T0000532,2024-03-25 00:50:20,A100105,,payment,32.22,travel,NG,online,normal transaction,0
T0000533,2024-03-25 01:29:21,A100181,A100038,transfer,13.02,grocery,NG,mobile,normal transaction,0
T0000534,2024-03-25 06:50:13,A100095,A100015,transfer,8.4,other,UA,online,normal transaction,0
T0000535,2024-03-25 09:17:51,A100001,,payment,6.6,salary,IN,online,normal transaction,0
T0000536,2024-03-25 18:12:11,A100135,,payment,16.96,utilities,CN,online,normal transaction,0
T0000537,2024-03-25 22:51:49,A100128,A100178,transfer,93.68,salary,GB,online,normal transaction,0
T0000538,2024-03-26 00:02:21,A100024,,payment,286.38,travel,NG,branch,normal transaction,0
T0000539,2024-03-26 04:20:48,A100158,,payment,18.07,utilities,AE,atm,normal transaction,0
T0000540,2024-03-26 08:23:47,A100101,A100020,transfer,34.19,remittance,RU,mobile,normal transaction,0
T0000541,2024-03-26 09:02:50,A100144,A100062,transfer,15.59,health,CN,online,normal transaction,0
T0000542,2024-03-26 11:55:07,A100167,A100166,transfer,22.98,grocery,US,mobile,normal transaction,0
T0000543,2024-03-26 12:12:51,A100097,,deposit,39.83,salary,UA,online,normal transaction,0
T0000544,2024-03-27 00:45:15,A100163,A100002,transfer,8.61,travel,US,mobile,normal transaction,0
T0000545,2024-03-27 02:28:31,A100111,,payment,12.53,remittance,US,online,normal transaction,0
T0000546,2024-03-27 06:48:24,A100058,,withdrawal,108.39,health,UA,atm,normal transaction,0
T0000547,2024-03-27 08:02:18,A100011,,deposit,67.96,electronics,CN,online,normal transaction,0
T0000548,2024-03-27 08:22:52,A100045,,payment,89.66,remittance,IN,branch,normal transaction,0
T0000549,2024-03-27 12:18:03,A100150,A100036,transfer,15.54,salary,US,atm,normal transaction,0
T0000550,2024-03-27 13:13:19,A100041,,deposit,124.99,health,RU,atm,normal transaction,0
T0000551,2024-03-27 17:21:07,A100098,A100193,transfer,57.76,travel,US,atm,normal transaction,0
T0000552,2024-03-27 17:31:24,A100013,,payment,17.4,electronics,RU,branch,normal transaction,0
T0000553,2024-03-28 09:09:55,A100019,A100087,transfer,83.75,salary,AE,online,normal transaction,0
T0000554,2024-03-28 12:39:30,A100162,A100069,transfer,56.73,other,UA,branch,normal transaction,0
T0000555,2024-03-28 13:12:23,A100091,A100141,transfer,96.79,salary,RU,branch,normal transaction,0
T0000556,2024-03-28 23:44:07,A100174,,withdrawal,11.65,salary,US,atm,normal transaction,0
T0000557,2024-03-29 02:03:01,A100063,A100182,transfer,4.64,electronics,US,atm,normal transaction,0
T0000558,2024-03-29 13:30:51,A100039,,withdrawal,26.54,salary,GB,mobile,normal transaction,0
T0000559,2024-03-29 22:13:58,A100081,A100092,transfer,25.11,electronics,US,online,normal transaction,0
T0000560,2024-03-29 23:34:47,A100078,,payment,28.02,other,AE,atm,normal transaction,0
T0000561,2024-03-30 05:12:23,A100026,A100033,transfer,43.93,electronics,GB,mobile,normal transaction,0
T0000562,2024-03-30 12:35:13,A100114,A100142,transfer,64.26,salary,US,online,normal transaction,0
T0000563,2024-03-30 13:22:05,A100022,A100090,transfer,107.07,electronics,AE,mobile,normal transaction,0
T0000564,2024-03-31 06:04:47,A100003,,payment,49.39,utilities,RU,mobile,normal transaction,0
T0000565,2024-03-31 12:53:24,A100199,,withdrawal,17.26,electronics,NG,branch,normal transaction,0
T0000566,2024-03-31 15:42:34,A100175,,payment,45.1,salary,GB,branch,normal transaction,0
T0000567,2024-03-31 19:16:45,A100068,A100077,transfer,181.67,utilities,UA,branch,normal transaction,0
T0000568,2024-03-31 20:41:30,A100016,A100042,transfer,70.34,salary,CN,mobile,normal transaction,0
T0000569,2024-04-01 00:44:14,A100076,,payment,48.48,other,US,atm,normal transaction,0
T0000570,2024-04-01 01:26:05,A100064,A100063,transfer,26.87,other,NG,mobile,normal transaction,0
T0000571,2024-04-01 07:52:26,A100027,,withdrawal,14.15,travel,CN,online,normal transaction,0
T0000572,2024-04-01 11:06:48,A100101,A100085,transfer,10.02,salary,AE,mobile,normal transaction,0
T0000573,2024-04-01 12:52:11,A100085,,payment,51.66,salary,GB,atm,normal transaction,0
T0000574,2024-04-01 16:06:05,A100082,,deposit,15.11,health,UA,atm,normal transaction,0
T0000575,2024-04-02 04:47:19,A100045,A100101,transfer,63.33,remittance,CN,mobile,normal transaction,0
T0000576,2024-04-02 06:22:20,A100147,,deposit,68.2,health,AE,mobile,normal transaction,0
T0000577,2024-04-03 04:48:25,A100071,A100100,transfer,22.81,remittance,US,branch,normal transaction,0
T0000578,2024-04-03 07:11:17,A100151,A100139,transfer,41.46,travel,IN,mobile,normal transaction,0
T0000579,2024-04-03 09:10:30,A100181,A100053,transfer,84.15,other,CN,online,normal transaction,0
T0000580,2024-04-03 13:55:58,A100104,,deposit,7.2,other,GB,atm,normal transaction,0
T0000581,2024-04-03 20:15:22,A100061,,deposit,117.05,utilities,GB,mobile,normal transaction,0
T0000582,2024-04-03 23:48:18,A100096,A100018,transfer,18.84,other,UA,mobile,normal transaction,0
T0000583,2024-04-04 03:16:29,A100136,A100129,transfer,39.83,salary,IN,atm,normal transaction,0
T0000584,2024-04-04 06:33:52,A100179,A100137,transfer,92.21,electronics,US,branch,normal transaction,0
T0000585,2024-04-04 07:49:20,A100168,,payment,59.89,remittance,GB,online,normal transaction,0
T0000586,2024-04-04 10:34:51,A100144,,deposit,27.93,salary,AE,mobile,normal transaction,0
T0000587,2024-04-04 16:43:38,A100027,A100002,transfer,21.05,electronics,CN,branch,normal transaction,0
T0000588,2024-04-04 22:56:36,A100130,A100191,transfer,10.57,health,UA,atm,normal transaction,0
T0000589,2024-04-05 00:32:04,A100100,A100118,transfer,27.29,travel,AE,online,normal transaction,0
T0000590,2024-04-05 00:54:19,A100123,,withdrawal,150.42,electronics,CN,mobile,normal transaction,0
T0000591,2024-04-06 02:31:37,A100021,,payment,62.23,electronics,GB,atm,normal transaction,0
T0000592,2024-04-06 06:38:31,A100079,A100087,transfer,112.28,other,NG,mobile,normal transaction,0
T0000593,2024-04-06 07:08:44,A100089,A100121,transfer,59.27,electronics,UA,mobile,normal transaction,0
T0000594,2024-04-06 14:28:15,A100081,A100017,transfer,218.02,utilities,IN,online,normal transaction,0
T0000595,2024-04-06 15:17:11,A100005,A100087,transfer,154.97,electronics,GB,branch,normal transaction,0
T0000596,2024-04-06 16:54:55,A100132,,deposit,38.13,travel,GB,atm,normal transaction,0
T0000597,2024-04-06 18:20:04,A100143,,payment,5.65,salary,UA,branch,normal transaction,0
T0000598,2024-04-06 19:32:06,A100103,A100161,transfer,55.35,travel,GB,mobile,normal transaction,0
T0000599,2024-04-06 21:59:10,A100101,A100007,transfer,19.44,health,UA,mobile,normal transaction,0
T0000600,2024-04-06 22:33:33,A100099,,deposit,32.22,grocery,NG,branch,normal transaction,0
T0000601,2024-04-07 00:51:21,A100071,A100192,transfer,194.85,electronics,US,branch,normal transaction,0
T0000602,2024-04-07 06:39:26,A100093,,withdrawal,12.2,remittance,NG,mobile,normal transaction,0
T0000603,2024-04-07 12:13:28,A100029,A100067,transfer,44.78,other,AE,mobile,normal transaction,0
T0000604,2024-04-08 00:46:29,A100156,,deposit,29.96,salary,US,atm,normal transaction,0
T0000605,2024-04-08 01:59:18,A100090,,withdrawal,27.01,other,GB,atm,normal transaction,0
T0000606,2024-04-08 11:27:25,A100157,,withdrawal,82.56,electronics,GB,atm,normal transaction,0
T0000607,2024-04-08 13:50:47,A100030,,payment,14.83,health,CN,online,normal transaction,0
T0000608,2024-04-08 14:07:00,A100046,A100095,transfer,2.93,travel,RU,mobile,normal transaction,0
T0000609,2024-04-08 15:49:24,A100152,,payment,80.16,travel,RU,mobile,normal transaction,0
T0000610,2024-04-08 15:54:41,A100047,A100124,transfer,35.41,travel,GB,mobile,normal transaction,0
T0000611,2024-04-09 02:57:31,A100073,,deposit,55.48,travel,GB,atm,normal transaction,0
T0000612,2024-04-09 05:07:45,A100115,,withdrawal,73.28,grocery,AE,online,normal transaction,0
T0000613,2024-04-09 06:00:44,A100124,A100034,transfer,9.45,health,RU,mobile,normal transaction,0
T0000614,2024-04-09 08:30:22,A100104,,payment,6.59,other,RU,mobile,normal transaction,0
T0000615,2024-04-09 08:59:26,A100125,,withdrawal,106.14,travel,US,online,normal transaction,0
T0000616,2024-04-09 10:00:42,A100194,,withdrawal,40.47,health,CN,online,normal transaction,0
T0000617,2024-04-09 12:58:33,A100070,,deposit,104.44,health,CN,branch,normal transaction,0
T0000618,2024-04-09 20:50:39,A100199,A100117,transfer,39.51,other,US,online,normal transaction,0
T0000619,2024-04-09 23:58:52,A100068,,deposit,22.94,remittance,IN,mobile,normal transaction,0
T0000620,2024-04-10 02:25:59,A100139,A100055,transfer,51.24,salary,US,branch,normal transaction,0
T0000621,2024-04-10 04:54:53,A100076,A100008,transfer,81.77,other,CN,atm,normal transaction,0
T0000622,2024-04-10 09:07:30,A100022,A100112,transfer,33.81,electronics,NG,branch,normal transaction,0
T0000623,2024-04-10 15:41:34,A100188,A100150,transfer,15.99,remittance,RU,branch,normal transaction,0
T0000624,2024-04-10 15:54:22,A100157,,payment,17.36,travel,NG,branch,normal transaction,0
T0000625,2024-04-10 16:37:33,A100015,A100145,transfer,14.89,remittance,CN,branch,normal transaction,0
T0000626,2024-04-10 22:16:49,A100082,A100180,transfer,45.74,utilities,CN,atm,normal transaction,0
T0000627,2024-04-11 06:44:50,A100131,,payment,25.73,electronics,GB,mobile,normal transaction,0
T0000628,2024-04-11 07:50:19,A100015,A100070,transfer,80.09,travel,GB,branch,normal transaction,0
T0000629,2024-04-11 10:56:00,A100037,A100182,transfer,30.64,remittance,NG,mobile,normal transaction,0
T0000630,2024-04-11 11:22:45,A100125,A100036,transfer,21.62,utilities,RU,mobile,normal transaction,0
T0000631,2024-04-11 17:21:24,A100115,,payment,104.42,electronics,US,mobile,normal transaction,0
T0000632,2024-04-11 18:16:05,A100131,A100191,transfer,83.03,utilities,AE,mobile,normal transaction,0
T0000633,2024-04-11 21:42:54,A100124,A100083,transfer,16.98,grocery,US,mobile,normal transaction,0
T0000634,2024-04-12 04:06:40,A100162,A100170,transfer,35.44,remittance,US,mobile,normal transaction,0
T0000635,2024-04-12 04:47:55,A100055,A100109,transfer,77.69,health,UA,atm,normal transaction,0
T0000636,2024-04-12 11:06:13,A100082,A100072,transfer,23.69,remittance,GB,mobile,normal transaction,0
T0000637,2024-04-12 11:55:05,A100087,,payment,22.12,grocery,IN,online,normal transaction,0
T0000638,2024-04-12 16:10:00,A100160,,withdrawal,260.48,other,IN,online,normal transaction,0
T0000639,2024-04-12 16:30:55,A100040,,payment,11.39,other,UA,online,normal transaction,0
T0000640,2024-04-12 23:01:32,A100109,A100051,transfer,30.58,travel,CN,branch,normal transaction,0
T0000641,2024-04-13 15:35:38,A100070,A100023,transfer,52.06,remittance,CN,online,normal transaction,0
T0000642,2024-04-13 19:37:18,A100095,,withdrawal,27.46,travel,IN,mobile,normal transaction,0
T0000643,2024-04-13 20:19:47,A100160,,deposit,88.74,utilities,NG,mobile,normal transaction,0
T0000644,2024-04-13 23:36:41,A100167,A100023,transfer,59.12,electronics,IN,branch,normal transaction,0
T0000645,2024-04-13 23:56:32,A100122,A100019,transfer,45.87,travel,NG,mobile,normal transaction,0
T0000646,2024-04-14 00:46:20,A100002,,payment,39.19,grocery,AE,online,normal transaction,0
T0000647,2024-04-14 05:43:37,A100108,A100177,transfer,123.67,travel,UA,online,normal transaction,0
T0000648,2024-04-14 08:16:31,A100058,,payment,3.97,salary,US,online,normal transaction,0
T0000649,2024-04-14 11:00:06,A100026,,payment,18.03,remittance,AE,atm,normal transaction,0
T0000650,2024-04-14 12:38:05,A100035,,withdrawal,76.76,salary,GB,branch,normal transaction,0
T0000651,2024-04-14 13:03:32,A100017,,withdrawal,57.21,grocery,GB,mobile,normal transaction,0
T0000652,2024-04-14 13:40:16,A100089,A100184,transfer,166.56,health,GB,mobile,normal transaction,0
T0000653,2024-04-14 17:53:00,A100157,A100175,transfer,23.99,other,NG,online,normal transaction,0
T0000654,2024-04-14 19:37:15,A100025,,payment,49.59,travel,US,mobile,normal transaction,0
T0000655,2024-04-14 23:38:34,A100089,,deposit,32.32,salary,AE,branch,normal transaction,0
T0000656,2024-04-15 04:09:10,A100063,A100070,transfer,20.81,electronics,NG,atm,normal transaction,0
T0000657,2024-04-15 04:55:18,A100199,,payment,40.49,grocery,CN,branch,normal transaction,0
T0000658,2024-04-15 05:57:09,A100132,,payment,79.15,health,RU,atm,normal transaction,0
T0000659,2024-04-15 10:41:28,A100165,A100013,transfer,8.62,health,UA,mobile,normal transaction,0
T0000660,2024-04-15 12:08:53,A100028,,withdrawal,55.36,health,UA,online,normal transaction,0
T0000661,2024-04-15 20:20:46,A100135,,payment,39.63,grocery,AE,atm,normal transaction,0
T0000662,2024-04-16 02:33:33,A100033,A100099,transfer,49.89,salary,AE,branch,normal transaction,0
T0000663,2024-04-16 07:00:09,A100195,A100120,transfer,26.02,electronics,IN,online,normal transaction,0
T0000664,2024-04-16 07:28:23,A100003,A100067,transfer,100.19,health,IN,online,normal transaction,0
T0000665,2024-04-16 10:38:14,A100101,A100129,transfer,29.36,utilities,RU,mobile,normal transaction,0
T0000666,2024-04-17 01:41:30,A100179,,deposit,19.39,salary,US,branch,normal transaction,0
T0000667,2024-04-17 07:04:42,A100071,,payment,30.25,electronics,CN,online,normal transaction,0
T0000668,2024-04-17 08:23:33,A100130,,payment,55.32,health,GB,atm,normal transaction,0
T0000669,2024-04-17 14:00:05,A100100,,payment,25.55,electronics,CN,mobile,normal transaction,0
T0000670,2024-04-17 14:04:26,A100186,,payment,12.99,health,IN,branch,normal transaction,0
T0000671,2024-04-17 21:08:50,A100022,,withdrawal,98.1,salary,US,mobile,normal transaction,0
T0000672,2024-04-18 05:23:37,A100156,,deposit,47.81,grocery,CN,branch,normal transaction,0
T0000673,2024-04-18 05:47:58,A100030,,withdrawal,208.13,grocery,GB,online,normal transaction,0
T0000674,2024-04-18 05:50:57,A100041,A100127,transfer,73.7,remittance,CN,branch,normal transaction,0
T0000675,2024-04-18 07:15:36,A100095,,withdrawal,6.58,travel,CN,online,normal transaction,0
T0000676,2024-04-18 12:41:51,A100197,,deposit,85.65,grocery,AE,mobile,normal transaction,0
T0000677,2024-04-18 21:36:40,A100069,,withdrawal,183.21,electronics,CN,online,normal transaction,0
T0000678,2024-04-18 21:56:24,A100127,,withdrawal,35.52,other,AE,online,normal transaction,0
T0000679,2024-04-18 22:12:10,A100127,,payment,105.83,travel,AE,branch,normal transaction,0
T0000680,2024-04-19 01:51:27,A100065,,deposit,87.81,electronics,US,branch,normal transaction,0
T0000681,2024-04-19 10:18:16,A100189,A100130,transfer,54.66,grocery,IN,online,normal transaction,0
T0000682,2024-04-19 13:13:08,A100062,A100011,transfer,17.22,other,AE,mobile,normal transaction,0
T0000683,2024-04-19 19:09:56,A100038,A100045,transfer,5.31,grocery,RU,branch,normal transaction,0
T0000684,2024-04-20 04:05:14,A100082,A100063,transfer,166.05,salary,AE,atm,normal transaction,0
T0000685,2024-04-20 07:40:12,A100019,A100146,transfer,123.34,remittance,US,online,normal transaction,0
T0000686,2024-04-20 08:45:15,A100045,A100057,transfer,25.89,grocery,RU,online,normal transaction,0
T0000687,2024-04-20 11:25:45,A100119,A100072,transfer,14.25,utilities,AE,online,normal transaction,0
T0000688,2024-04-20 23:27:17,A100141,A100116,transfer,34.59,grocery,AE,branch,normal transaction,0
T0000689,2024-04-21 03:28:34,A100074,,deposit,180.38,utilities,NG,mobile,normal transaction,0
T0000690,2024-04-21 04:39:01,A100094,A100151,transfer,17.96,other,NG,branch,normal transaction,0
T0000691,2024-04-21 05:15:13,A100038,,withdrawal,31.91,grocery,RU,online,normal transaction,0
T0000692,2024-04-21 19:29:22,A100059,A100138,transfer,8.11,remittance,IN,atm,normal transaction,0
T0000693,2024-04-21 23:15:49,A100000,,withdrawal,30.47,salary,CN,online,normal transaction,0
T0000694,2024-04-22 00:11:28,A100052,A100135,transfer,24.31,health,RU,mobile,normal transaction,0
T0000695,2024-04-22 06:40:51,A100015,A100036,transfer,15.61,utilities,US,online,normal transaction,0
T0000696,2024-04-22 09:33:21,A100059,,withdrawal,28.22,salary,AE,mobile,normal transaction,0
T0000697,2024-04-22 09:55:13,A100191,A100021,transfer,64.8,electronics,GB,mobile,normal transaction,0
T0000698,2024-04-22 10:24:13,A100019,A100151,transfer,97.13,grocery,RU,branch,normal transaction,0
T0000699,2024-04-22 13:07:29,A100060,A100074,transfer,33.83,utilities,AE,mobile,normal transaction,0
T0000700,2024-04-23 08:52:07,A100179,,deposit,16.31,remittance,AE,mobile,normal transaction,0
T0000701,2024-04-23 11:03:36,A100069,A100059,transfer,7.29,electronics,NG,branch,normal transaction,0
T0000702,2024-04-23 20:35:13,A100199,A100197,transfer,6.81,electronics,GB,online,normal transaction,0
T0000703,2024-04-24 03:31:52,A100042,,payment,81.05,other,UA,atm,normal transaction,0
T0000704,2024-04-24 10:25:01,A100104,,deposit,20.43,electronics,AE,branch,normal transaction,0
T0000705,2024-04-24 11:36:30,A100115,,deposit,38.35,utilities,UA,atm,normal transaction,0
T0000706,2024-04-24 15:18:41,A100030,A100023,transfer,25.32,travel,CN,online,normal transaction,0
T0000707,2024-04-24 17:44:54,A100055,A100083,transfer,13.58,travel,US,branch,normal transaction,0
T0000708,2024-04-24 18:15:51,A100091,A100101,transfer,29.04,grocery,CN,atm,normal transaction,0
T0000709,2024-04-24 18:35:54,A100044,A100007,transfer,35.76,salary,UA,branch,normal transaction,0
T0000710,2024-04-25 05:58:07,A100024,A100118,transfer,11.13,electronics,GB,online,normal transaction,0
T0000711,2024-04-25 09:34:15,A100003,,deposit,135.77,grocery,NG,branch,normal transaction,0
T0000712,2024-04-25 13:36:51,A100050,,payment,85.9,salary,AE,online,normal transaction,0
T0000713,2024-04-25 18:45:47,A100149,,deposit,44.13,utilities,US,online,normal transaction,0
T0000714,2024-04-26 04:04:21,A100016,,deposit,10.55,health,UA,branch,normal transaction,0
T0000715,2024-04-26 04:07:10,A100023,A100084,transfer,36.91,electronics,IN,mobile,normal transaction,0
T0000716,2024-04-26 05:31:04,A100012,A100043,transfer,19.13,salary,RU,mobile,normal transaction,0
T0000717,2024-04-26 06:02:34,A100007,A100097,transfer,36.34,salary,GB,atm,normal transaction,0
T0000718,2024-04-26 07:43:26,A100054,A100047,transfer,87.31,utilities,CN,mobile,normal transaction,0
T0000719,2024-04-26 12:26:27,A100038,A100008,transfer,50.76,health,CN,mobile,normal transaction,0
T0000720,2024-04-26 16:54:41,A100105,,withdrawal,90.07,other,IN,online,normal transaction,0
T0000721,2024-04-26 19:16:36,A100071,,payment,16.93,salary,GB,mobile,normal transaction,0
T0000722,2024-04-27 02:11:24,A100051,,payment,28.95,health,IN,mobile,normal transaction,0
T0000723,2024-04-27 03:43:33,A100182,A100091,transfer,74.5,other,UA,atm,normal transaction,0
T0000724,2024-04-27 05:34:53,A100144,A100128,transfer,93.0,remittance,RU,atm,normal transaction,0
T0000725,2024-04-27 07:27:30,A100046,,withdrawal,102.18,grocery,AE,branch,normal transaction,0
T0000726,2024-04-27 09:42:37,A100007,,deposit,24.34,utilities,IN,mobile,normal transaction,0
T0000727,2024-04-27 10:22:53,A100135,,deposit,72.22,remittance,NG,branch,normal transaction,0
T0000728,2024-04-27 14:31:59,A100025,A100063,transfer,18.87,health,CN,online,normal transaction,0
T0000729,2024-04-27 16:38:27,A100195,A100056,transfer,26.86,salary,AE,branch,normal transaction,0
T0000730,2024-04-27 21:09:45,A100045,A100060,transfer,9.64,remittance,AE,online,normal transaction,0
T0000731,2024-04-28 14:51:57,A100180,A100179,transfer,18.31,remittance,GB,branch,normal transaction,0
T0000732,2024-04-28 19:31:42,A100126,,deposit,20.62,utilities,GB,mobile,normal transaction,0
T0000733,2024-04-28 22:20:41,A100009,,payment,32.64,electronics,IN,branch,normal transaction,0
T0000734,2024-04-29 00:17:02,A100154,,deposit,30.31,health,IN,mobile,normal transaction,0
T0000735,2024-04-29 00:58:53,A100000,,deposit,22.87,remittance,NG,branch,normal transaction,0
T0000736,2024-04-29 06:37:38,A100087,A100183,transfer,58.03,travel,AE,online,normal transaction,0
T0000737,2024-04-29 07:07:15,A100005,,payment,24.64,travel,GB,online,normal transaction,0
T0000738,2024-04-29 08:37:41,A100134,,payment,107.03,remittance,US,atm,normal transaction,0
T0000739,2024-04-30 01:10:19,A100180,,withdrawal,47.93,salary,US,atm,normal transaction,0
T0000740,2024-04-30 14:09:45,A100077,A100082,transfer,6.88,travel,GB,mobile,normal transaction,0
T0000741,2024-04-30 17:16:51,A100163,,withdrawal,10.73,other,AE,branch,normal transaction,0
T0000742,2024-04-30 20:30:28,A100181,A100143,transfer,62.68,remittance,NG,branch,normal transaction,0
T0000743,2024-04-30 22:49:48,A100096,A100078,transfer,54.64,utilities,GB,branch,normal transaction,0
T0000744,2024-05-01 00:01:50,A100186,,withdrawal,27.99,grocery,RU,online,normal transaction,0
T0000745,2024-05-01 01:17:26,A100046,,payment,20.65,remittance,NG,online,normal transaction,0
T0000746,2024-05-01 04:33:13,A100127,A100036,transfer,11.33,remittance,US,branch,normal transaction,0
T0000747,2024-05-01 06:54:06,A100088,A100081,transfer,42.07,travel,US,atm,normal transaction,0
T0000748,2024-05-01 09:35:11,A100114,A100002,transfer,99.58,utilities,NG,branch,normal transaction,0
T0000749,2024-05-01 13:27:49,A100177,,withdrawal,234.71,electronics,AE,atm,normal transaction,0
T0000750,2024-05-01 15:28:28,A100027,,deposit,466.07,grocery,IN,mobile,normal transaction,0
T0000751,2024-05-01 16:30:29,A100112,,payment,7.37,salary,GB,mobile,normal transaction,0
T0000752,2024-05-02 02:06:56,A100126,A100096,transfer,98.08,remittance,RU,online,normal transaction,0
T0000753,2024-05-02 02:40:32,A100122,,payment,36.52,health,GB,mobile,normal transaction,0
T0000754,2024-05-02 03:12:31,A100018,,payment,61.66,grocery,CN,online,normal transaction,0
T0000755,2024-05-02 14:44:28,A100081,,deposit,22.88,utilities,US,online,normal transaction,0
T0000756,2024-05-02 17:13:32,A100087,,payment,102.11,travel,RU,branch,normal transaction,0
T0000757,2024-05-02 20:46:46,A100187,A100019,transfer,31.46,electronics,AE,mobile,normal transaction,0
T0000758,2024-05-02 22:07:32,A100180,,withdrawal,18.25,grocery,RU,branch,normal transaction,0
T0000759,2024-05-03 00:59:21,A100155,A100111,transfer,130.9,travel,IN,online,normal transaction,0
T0000760,2024-05-03 04:26:00,A100084,,payment,31.35,health,NG,mobile,normal transaction,0
T0000761,2024-05-03 11:27:47,A100178,,payment,44.06,utilities,CN,atm,normal transaction,0
T0000762,2024-05-03 14:52:18,A100060,,payment,27.18,electronics,IN,mobile,normal transaction,0
T0000763,2024-05-03 22:34:01,A100146,A100140,transfer,28.47,other,GB,online,normal transaction,0
T0000764,2024-05-04 06:04:31,A100092,,payment,59.95,grocery,RU,online,normal transaction,0
T0000765,2024-05-04 10:00:56,A100075,,payment,1.75,other,NG,online,normal transaction,0
T0000766,2024-05-04 10:05:33,A100006,A100052,transfer,101.91,travel,CN,online,normal transaction,0
T0000767,2024-05-04 14:48:36,A100121,,deposit,85.42,electronics,CN,mobile,normal transaction,0
T0000768,2024-05-04 16:13:59,A100120,A100125,transfer,17.7,utilities,US,mobile,normal transaction,0
T0000769,2024-05-04 17:10:46,A100047,,payment,78.44,remittance,RU,atm,normal transaction,0
T0000770,2024-05-04 17:12:54,A100047,,payment,85.89,other,IN,atm,normal transaction,0
T0000771,2024-05-04 18:36:39,A100112,,deposit,55.32,other,CN,branch,normal transaction,0
T0000772,2024-05-04 23:57:59,A100068,,payment,17.44,grocery,GB,online,normal transaction,0
T0000773,2024-05-05 05:34:00,A100021,,payment,51.0,remittance,RU,branch,normal transaction,0
T0000774,2024-05-05 09:51:53,A100141,,payment,47.06,grocery,RU,mobile,normal transaction,0
T0000775,2024-05-05 10:14:09,A100137,A100175,transfer,96.56,other,NG,mobile,normal transaction,0
T0000776,2024-05-05 10:33:32,A100076,A100020,transfer,16.86,salary,IN,branch,normal transaction,0
T0000777,2024-05-05 12:16:29,A100030,,deposit,28.66,other,GB,branch,normal transaction,0
T0000778,2024-05-05 18:52:50,A100054,,payment,4.98,health,GB,online,normal transaction,0
T0000779,2024-05-05 19:12:01,A100108,A100020,transfer,40.99,salary,NG,branch,normal transaction,0
T0000780,2024-05-06 01:31:47,A100152,A100066,transfer,6.64,remittance,US,online,normal transaction,0
T0000781,2024-05-06 02:35:15,A100099,,withdrawal,15.44,salary,AE,atm,normal transaction,0
T0000782,2024-05-06 09:05:43,A100133,,payment,75.9,other,IN,mobile,normal transaction,0
T0000783,2024-05-06 10:38:48,A100028,A100106,transfer,27.28,travel,GB,online,normal transaction,0
T0000784,2024-05-06 11:40:17,A100027,A100144,transfer,35.16,electronics,CN,atm,normal transaction,0
T0000785,2024-05-06 13:26:34,A100105,A100067,transfer,43.7,salary,UA,mobile,normal transaction,0
T0000786,2024-05-06 13:58:02,A100009,,payment,1.62,travel,CN,mobile,normal transaction,0
T0000787,2024-05-06 17:29:36,A100036,A100158,transfer,39.8,salary,IN,mobile,normal transaction,0
T0000788,2024-05-06 17:47:28,A100084,A100176,transfer,74.23,health,IN,mobile,normal transaction,0
T0000789,2024-05-07 00:42:25,A100068,,payment,12.51,remittance,IN,atm,normal transaction,0
T0000790,2024-05-07 03:55:23,A100077,A100079,transfer,49.03,utilities,UA,online,normal transaction,0
T0000791,2024-05-07 05:11:22,A100058,A100034,transfer,19.91,utilities,UA,atm,normal transaction,0
T0000792,2024-05-07 06:31:38,A100068,,deposit,19.61,salary,US,branch,normal transaction,0
T0000793,2024-05-07 12:03:02,A100113,A100054,transfer,38.57,salary,UA,atm,normal transaction,0
T0000794,2024-05-07 12:03:03,A100014,A100131,transfer,23.86,travel,US,atm,normal transaction,0
T0000795,2024-05-07 19:21:52,A100181,,deposit,38.67,salary,GB,online,normal transaction,0
T0000796,2024-05-07 20:29:53,A100044,A100049,transfer,17.15,health,IN,branch,normal transaction,0
T0000797,2024-05-07 22:17:04,A100008,,withdrawal,24.44,other,IN,atm,normal transaction,0
T0000798,2024-05-08 05:40:59,A100180,A100050,transfer,43.06,utilities,AE,mobile,normal transaction,0
T0000799,2024-05-08 07:57:30,A100129,,payment,40.19,salary,US,online,normal transaction,0
T0000800,2024-05-08 09:51:11,A100061,,payment,43.18,remittance,UA,mobile,normal transaction,0
T0000801,2024-05-08 12:34:35,A100045,A100121,transfer,18.49,remittance,AE,branch,normal transaction,0
T0000802,2024-05-08 16:34:58,A100066,A100191,transfer,86.96,electronics,CN,online,normal transaction,0
T0000803,2024-05-09 06:06:50,A100098,,payment,113.99,grocery,GB,branch,normal transaction,0
T0000804,2024-05-09 18:09:32,A100056,A100165,transfer,17.86,health,NG,atm,normal transaction,0
T0000805,2024-05-10 00:14:55,A100166,A100104,transfer,24.14,grocery,IN,mobile,normal transaction,0
T0000806,2024-05-10 00:26:46,A100033,A100165,transfer,33.13,travel,IN,branch,normal transaction,0
T0000807,2024-05-10 02:42:49,A100064,A100155,transfer,60.41,utilities,CN,mobile,normal transaction,0
T0000808,2024-05-10 03:39:03,A100096,A100089,transfer,19.92,other,CN,branch,normal transaction,0
T0000809,2024-05-10 09:29:14,A100119,A100077,transfer,28.57,salary,US,online,normal transaction,0
T0000810,2024-05-10 16:23:42,A100130,,payment,61.7,remittance,CN,atm,normal transaction,0
T0000811,2024-05-10 18:57:06,A100175,,payment,10.6,electronics,UA,online,normal transaction,0
T0000812,2024-05-10 19:55:25,A100086,A100070,transfer,7.0,remittance,CN,atm,normal transaction,0
T0000813,2024-05-10 20:30:40,A100167,A100182,transfer,75.03,utilities,NG,branch,normal transaction,0
T0000814,2024-05-11 01:52:40,A100132,A100195,transfer,10.08,health,IN,mobile,normal transaction,0
T0000815,2024-05-11 06:52:25,A100169,,withdrawal,171.17,remittance,GB,online,normal transaction,0
T0000816,2024-05-11 15:42:37,A100167,,withdrawal,19.22,other,CN,atm,normal transaction,0
T0000817,2024-05-11 16:10:59,A100107,A100103,transfer,28.14,salary,IN,branch,normal transaction,0
T0000818,2024-05-11 17:25:43,A100087,,payment,26.35,health,UA,atm,normal transaction,0
T0000819,2024-05-11 20:08:40,A100129,A100076,transfer,12.25,travel,GB,atm,normal transaction,0
T0000820,2024-05-11 23:10:21,A100024,A100120,transfer,32.48,travel,CN,branch,normal transaction,0
T0000821,2024-05-12 12:24:51,A100174,A100085,transfer,25.46,electronics,NG,atm,normal transaction,0
T0000822,2024-05-12 16:56:28,A100057,A100190,transfer,67.72,utilities,RU,atm,normal transaction,0
T0000823,2024-05-12 19:53:16,A100095,,payment,67.91,utilities,CN,mobile,normal transaction,0
T0000824,2024-05-12 20:25:27,A100030,,deposit,64.9,other,IN,online,normal transaction,0
T0000825,2024-05-12 20:56:11,A100120,,withdrawal,59.85,health,US,mobile,normal transaction,0
T0000826,2024-05-12 21:00:25,A100135,,withdrawal,36.67,utilities,RU,online,normal transaction,0
T0000827,2024-05-12 22:43:06,A100038,A100035,transfer,155.87,health,AE,mobile,normal transaction,0
T0000828,2024-05-12 22:43:25,A100145,,withdrawal,39.05,other,GB,atm,normal transaction,0
T0000829,2024-05-13 06:14:04,A100183,,deposit,34.84,travel,US,mobile,normal transaction,0
T0000830,2024-05-13 15:23:15,A100085,,payment,26.49,travel,AE,online,normal transaction,0
T0000831,2024-05-13 17:25:03,A100001,A100115,transfer,146.92,utilities,NG,branch,normal transaction,0
T0000832,2024-05-13 17:41:21,A100147,,withdrawal,29.87,travel,UA,online,normal transaction,0
T0000833,2024-05-13 23:11:37,A100033,A100157,transfer,6.4,salary,RU,mobile,normal transaction,0
T0000834,2024-05-13 23:25:55,A100109,,payment,33.81,other,RU,online,normal transaction,0
T0000835,2024-05-14 12:35:39,A100009,,deposit,41.71,health,AE,online,normal transaction,0
T0000836,2024-05-14 14:24:53,A100082,,withdrawal,22.76,health,IN,online,normal transaction,0
T0000837,2024-05-14 18:18:37,A100160,,payment,24.1,health,NG,atm,normal transaction,0
T0000838,2024-05-14 21:45:50,A100079,,deposit,54.5,travel,US,mobile,normal transaction,0
T0000839,2024-05-14 23:43:44,A100128,A100150,transfer,103.56,utilities,GB,online,normal transaction,0
T0000840,2024-05-15 00:55:58,A100011,A100076,transfer,26.21,utilities,UA,atm,normal transaction,0
T0000841,2024-05-15 03:28:19,A100111,,payment,52.79,travel,AE,mobile,normal transaction,0
T0000842,2024-05-15 08:23:31,A100091,,deposit,14.37,health,GB,mobile,normal transaction,0
T0000843,2024-05-15 08:58:07,A100004,,payment,267.61,health,NG,branch,normal transaction,0
T0000844,2024-05-15 11:59:08,A100054,,withdrawal,250.54,grocery,GB,online,normal transaction,0
T0000845,2024-05-15 12:18:09,A100093,,withdrawal,33.34,grocery,RU,atm,normal transaction,0
T0000846,2024-05-15 18:52:55,A100197,A100136,transfer,3.63,grocery,IN,online,normal transaction,0
T0000847,2024-05-15 19:03:41,A100167,,withdrawal,153.46,grocery,IN,online,normal transaction,0
T0000848,2024-05-15 21:25:13,A100106,,withdrawal,21.56,other,RU,online,normal transaction,0
T0000849,2024-05-16 10:21:32,A100140,,withdrawal,59.65,utilities,UA,branch,normal transaction,0
T0000850,2024-05-16 10:35:32,A100173,A100080,transfer,5399.08,remittance,IN,online,smurfing sequence,1
T0000851,2024-05-16 12:45:32,A100173,A100080,transfer,5399.08,remittance,IN,online,smurfing sequence,1
T0000852,2024-05-16 14:25:32,A100173,A100080,transfer,5399.08,remittance,IN,online,smurfing sequence,1
T0000853,2024-05-16 16:25:32,A100173,A100080,transfer,5399.08,remittance,IN,online,smurfing sequence,1
T0000854,2024-05-16 18:49:32,A100173,A100080,transfer,5399.08,remittance,IN,online,smurfing sequence,1
T0000855,2024-05-16 20:46:32,A100173,A100080,transfer,5399.08,remittance,IN,online,smurfing sequence,1
T0000856,2024-05-16 22:50:32,A100173,A100080,transfer,5399.08,remittance,IN,online,smurfing sequence,1
T0000857,2024-05-17 00:23:32,A100173,A100080,transfer,5399.08,remittance,IN,online,smurfing sequence,1
T0000858,2024-05-17 10:22:32,A100084,A100060,transfer,4662.63,remittance,IN,online,smurfing sequence,1
T0000859,2024-05-17 10:41:32,A100127,A100050,transfer,2219.24,remittance,IN,online,smurfing sequence,1
T0000860,2024-05-17 12:22:32,A100084,A100060,transfer,4662.63,remittance,IN,online,smurfing sequence,1
T0000861,2024-05-17 12:28:32,A100127,A100050,transfer,2219.24,remittance,IN,online,smurfing sequence,1
T0000862,2024-05-17 14:43:32,A100084,A100060,transfer,4662.63,remittance,IN,online,smurfing sequence,1
T0000863,2024-05-17 14:46:32,A100127,A100050,transfer,2219.24,remittance,IN,online,smurfing sequence,1
T0000864,2024-05-17 16:24:32,A100084,A100060,transfer,4662.63,remittance,IN,online,smurfing sequence,1
T0000865,2024-05-17 16:30:32,A100127,A100050,transfer,2219.24,remittance,IN,online,smurfing sequence,1
T0000866,2024-05-17 18:48:32,A100127,A100050,transfer,2219.24,remittance,IN,online,smurfing sequence,1
T0000867,2024-05-17 18:51:32,A100084,A100060,transfer,4662.63,remittance,IN,online,smurfing sequence,1
T0000868,2024-05-17 20:25:32,A100084,A100060,transfer,4662.63,remittance,IN,online,smurfing sequence,1
T0000869,2024-05-17 20:38:32,A100127,A100050,transfer,2219.24,remittance,IN,online,smurfing sequence,1
T0000870,2024-05-17 22:28:32,A100127,A100050,transfer,2219.24,remittance,IN,online,smurfing sequence,1
T0000871,2024-05-17 22:48:32,A100084,A100060,transfer,4662.63,remittance,IN,online,smurfing sequence,1
T0000872,2024-05-18 00:33:32,A100127,A100050,transfer,2219.24,remittance,IN,online,smurfing sequence,1
T0000873,2024-05-18 00:40:32,A100084,A100060,transfer,4662.63,remittance,IN,online,smurfing sequence,1
T0000874,2024-05-18 02:43:32,A100084,A100060,transfer,4662.63,remittance,IN,online,smurfing sequence,1
T0000875,2024-05-18 02:44:32,A100127,A100050,transfer,2219.24,remittance,IN,online,smurfing sequence,1
T0000876,2024-05-18 04:35:32,A100127,A100050,transfer,2219.24,remittance,IN,online,smurfing sequence,1
T0000877,2024-05-18 10:23:32,A100075,A100041,transfer,6179.42,remittance,IN,online,smurfing sequence,1
T0000878,2024-05-18 12:39:32,A100075,A100041,transfer,6179.42,remittance,IN,online,smurfing sequence,1
T0000879,2024-05-18 14:37:32,A100075,A100041,transfer,6179.42,remittance,IN,online,smurfing sequence,1
T0000880,2024-05-18 16:51:32,A100075,A100041,transfer,6179.42,remittance,IN,online,smurfing sequence,1
T0000881,2024-05-18 18:28:32,A100075,A100041,transfer,6179.42,remittance,IN,online,smurfing sequence,1
T0000882,2024-05-18 20:44:32,A100075,A100041,transfer,6179.42,remittance,IN,online,smurfing sequence,1
T0000883,2024-05-18 22:51:32,A100075,A100041,transfer,6179.42,remittance,IN,online,smurfing sequence,1
T0000884,2024-05-19 00:37:32,A100075,A100041,transfer,6179.42,remittance,IN,online,smurfing sequence,1
T0000885,2024-05-20 10:24:32,A100126,A100038,transfer,5849.9,remittance,IN,online,smurfing sequence,1
T0000886,2024-05-20 10:30:32,A100169,A100133,transfer,4459.52,remittance,IN,online,smurfing sequence,1
T0000887,2024-05-20 12:41:32,A100169,A100133,transfer,4459.52,remittance,IN,online,smurfing sequence,1
T0000888,2024-05-20 12:46:32,A100126,A100038,transfer,5849.9,remittance,IN,online,smurfing sequence,1
T0000889,2024-05-20 14:38:32,A100126,A100038,transfer,5849.9,remittance,IN,online,smurfing sequence,1
T0000890,2024-05-20 14:41:32,A100169,A100133,transfer,4459.52,remittance,IN,online,smurfing sequence,1
T0000891,2024-05-20 16:24:32,A100126,A100038,transfer,5849.9,remittance,IN,online,smurfing sequence,1
T0000892,2024-05-20 16:44:32,A100169,A100133,transfer,4459.52,remittance,IN,online,smurfing sequence,1
T0000893,2024-05-20 18:26:32,A100169,A100133,transfer,4459.52,remittance,IN,online,smurfing sequence,1
T0000894,2024-05-20 18:45:32,A100126,A100038,transfer,5849.9,remittance,IN,online,smurfing sequence,1
T0000895,2024-05-20 20:35:32,A100169,A100133,transfer,4459.52,remittance,IN,online,smurfing sequence,1
T0000896,2024-05-20 20:45:32,A100126,A100038,transfer,5849.9,remittance,IN,online,smurfing sequence,1
T0000897,2024-05-20 22:25:32,A100126,A100038,transfer,5849.9,remittance,IN,online,smurfing sequence,1
T0000898,2024-05-20 22:48:32,A100169,A100133,transfer,4459.52,remittance,IN,online,smurfing sequence,1
T0000899,2024-05-21 00:50:32,A100169,A100133,transfer,4459.52,remittance,IN,online,smurfing sequence,1
T0000900,2024-05-22 10:29:32,A100065,A100164,transfer,8097.82,remittance,IN,online,smurfing sequence,1
T0000901,2024-05-22 10:45:32,A100026,A100130,transfer,4729.98,remittance,IN,online,smurfing sequence,1
T0000902,2024-05-22 12:36:32,A100065,A100164,transfer,8097.82,remittance,IN,online,smurfing sequence,1
T0000903,2024-05-22 12:41:32,A100026,A100130,transfer,4729.98,remittance,IN,online,smurfing sequence,1
T0000904,2024-05-22 14:25:32,A100026,A100130,transfer,4729.98,remittance,IN,online,smurfing sequence,1
T0000905,2024-05-22 14:31:32,A100065,A100164,transfer,8097.82,remittance,IN,online,smurfing sequence,1
T0000906,2024-05-22 16:30:32,A100065,A100164,transfer,8097.82,remittance,IN,online,smurfing sequence,1
T0000907,2024-05-22 16:31:32,A100026,A100130,transfer,4729.98,remittance,IN,online,smurfing sequence,1
T0000908,2024-05-22 18:25:32,A100026,A100130,transfer,4729.98,remittance,IN,online,smurfing sequence,1
T0000909,2024-05-22 18:36:32,A100065,A100164,transfer,8097.82,remittance,IN,online,smurfing sequence,1
T0000910,2024-05-22 20:23:32,A100065,A100164,transfer,8097.82,remittance,IN,online,smurfing sequence,1
T0000911,2024-05-22 20:47:32,A100026,A100130,transfer,4729.98,remittance,IN,online,smurfing sequence,1
T0000912,2024-05-22 22:25:32,A100026,A100130,transfer,4729.98,remittance,IN,online,smurfing sequence,1
T0000913,2024-05-23 10:49:32,A100025,A100044,transfer,5297.3,remittance,IN,online,smurfing sequence,1
T0000914,2024-05-23 12:23:32,A100025,A100044,transfer,5297.3,remittance,IN,online,smurfing sequence,1
T0000915,2024-05-23 14:49:32,A100025,A100044,transfer,5297.3,remittance,IN,online,smurfing sequence,1
T0000916,2024-05-23 16:31:32,A100025,A100044,transfer,5297.3,remittance,IN,online,smurfing sequence,1
T0000917,2024-05-23 18:33:32,A100025,A100044,transfer,5297.3,remittance,IN,online,smurfing sequence,1
T0000918,2024-05-23 20:47:32,A100025,A100044,transfer,5297.3,remittance,IN,online,smurfing sequence,1
T0000919,2024-05-25 10:34:32,A100158,A100151,transfer,7408.3,transfer,US,mobile,mule layering in,1
T0000920,2024-05-25 10:38:32,A100042,A100107,transfer,3332.46,transfer,US,mobile,mule layering in,1
T0000921,2024-05-25 10:43:32,A100052,A100177,transfer,6934.7,remittance,IN,online,smurfing sequence,1
T0000922,2024-05-25 10:44:32,A100180,A100107,transfer,6373.17,transfer,US,mobile,mule layering in,1
T0000923,2024-05-25 10:51:32,A100033,A100107,transfer,7088.25,transfer,US,mobile,mule layering in,1
T0000924,2024-05-25 11:16:32,A100112,A100151,transfer,7367.86,transfer,US,mobile,mule layering in,1
T0000925,2024-05-25 11:19:32,A100146,A100151,transfer,3474.84,transfer,US,mobile,mule layering in,1
T0000926,2024-05-25 11:24:32,A100187,A100107,transfer,2572.4,transfer,US,mobile,mule layering in,1
T0000927,2024-05-25 11:49:32,A100046,A100151,transfer,2002.66,transfer,US,mobile,mule layering in,1
T0000928,2024-05-25 12:10:32,A100175,A100151,transfer,4416.59,transfer,US,mobile,mule layering in,1
T0000929,2024-05-25 12:19:32,A100028,A100107,transfer,3930.02,transfer,US,mobile,mule layering in,1
T0000930,2024-05-25 12:42:32,A100052,A100177,transfer,6934.7,remittance,IN,online,smurfing sequence,1
T0000931,2024-05-25 13:21:32,A100151,A100123,transfer,23436.73,transfer,AE,mobile,mule layering out,1
T0000932,2024-05-25 13:21:32,A100107,A100166,transfer,22131.48,transfer,AE,mobile,mule layering out,1
T0000933,2024-05-25 14:22:32,A100052,A100177,transfer,6934.7,remittance,IN,online,smurfing sequence,1
T0000934,2024-05-25 16:31:32,A100052,A100177,transfer,6934.7,remittance,IN,online,smurfing sequence,1
T0000935,2024-05-25 18:35:32,A100052,A100177,transfer,6934.7,remittance,IN,online,smurfing sequence,1
T0000936,2024-05-25 20:43:32,A100052,A100177,transfer,6934.7,remittance,IN,online,smurfing sequence,1
T0000937,2024-05-25 22:25:32,A100052,A100177,transfer,6934.7,remittance,IN,online,smurfing sequence,1
T0000938,2024-05-26 10:36:32,A100123,A100175,transfer,7517.19,transfer,US,mobile,mule layering in,1
T0000939,2024-05-26 10:39:32,A100124,A100175,transfer,7959.53,transfer,US,mobile,mule layering in,1
T0000940,2024-05-26 11:04:32,A100028,A100175,transfer,2269.47,transfer,US,mobile,mule layering in,1
T0000941,2024-05-26 11:27:32,A100033,A100175,transfer,4387.02,transfer,US,mobile,mule layering in,1
T0000942,2024-05-26 11:54:32,A100105,A100175,transfer,6566.05,transfer,US,mobile,mule layering in,1
T0000943,2024-05-26 13:21:32,A100175,A100186,transfer,27264.29,transfer,AE,mobile,mule layering out,1
T0000944,2024-05-29 11:20:32,A100029,A100095,transfer,6706.53,transfer,US,mobile,mule layering in,1
T0000945,2024-05-29 11:32:32,A100069,A100095,transfer,6828.52,transfer,US,mobile,mule layering in,1
T0000946,2024-05-29 11:59:32,A100104,A100095,transfer,4261.91,transfer,US,mobile,mule layering in,1
T0000947,2024-05-29 12:17:32,A100046,A100095,transfer,7012.45,transfer,US,mobile,mule layering in,1
T0000948,2024-05-29 12:19:32,A100118,A100095,transfer,5311.94,transfer,US,mobile,mule layering in,1
T0000949,2024-05-29 13:21:32,A100095,A100087,transfer,28615.28,transfer,AE,mobile,mule layering out,1
T0000950,2024-05-31 10:42:32,A100093,A100002,transfer,4993.37,transfer,US,mobile,mule layering in,1
T0000951,2024-05-31 11:05:32,A100045,A100002,transfer,5390.51,transfer,US,mobile,mule layering in,1
T0000952,2024-05-31 11:27:32,A100171,A100002,transfer,5999.6,transfer,US,mobile,mule layering in,1
T0000953,2024-05-31 11:50:32,A100167,A100002,transfer,2976.2,transfer,US,mobile,mule layering in,1
T0000954,2024-05-31 12:04:32,A100086,A100002,transfer,6629.76,transfer,US,mobile,mule layering in,1
T0000955,2024-05-31 13:21:32,A100002,A100035,transfer,24689.98,transfer,AE,mobile,mule layering out,1
