from_acc,prof_avg_amount,prof_std_amount,prof_txn_count,prof_unique_to
A100000,31.477999999999998,16.984412559756077,5,1
A100001,63.51249999999999,60.7939478210345,4,1
A100002,8251.873333333333,14235.819388620852,3,2
A100003,159.408,129.09829518626495,5,2
A100004,111.05666666666667,135.7268526612672,3,1
A100005,61.49000000000001,81.55792358808554,3,1
A100006,60.093333333333334,44.930715922777516,3,2
A100007,32.872,23.040293400909636,5,2
A100008,46.3925,41.44264741784723,4,2
A100009,28.971249999999998,14.478163298567951,8,3
A100010,47.36,0.0,1,1
A100011,47.64142857142857,40.75138256491896,7,5
A100012,26.726,20.05466230082172,5,3
A100013,27.013333333333332,8.38886364970449,3,1
A100014,36.31666666666667,10.810801697068232,3,3
A100015,52.4875,43.71289388346037,4,3
A100016,39.235,34.260815810485305,4,1
A100017,32.586,17.894505581323003,5,3
A100018,40.385,21.768614256921975,4,1
A100019,90.68,27.029954988247145,4,3
A100020,51.522000000000006,41.00858593026587,5,2
A100021,35.81333333333333,20.217495064094035,6,0
A100022,113.862,107.37644234188427,5,2
A100023,27.156666666666666,15.310732619092178,3,2
A100024,100.0575,126.59644028039125,4,3
A100025,2292.535714285714,2700.483736765335,14,6
A100026,2573.386923076923,2424.7499487314303,13,5
A100027,86.375,155.18105112600387,8,5
A100028,809.96375,1481.7660718879395,8,6
A100029,1144.47,2724.902909162086,6,3
A100030,49.626666666666665,62.159992760617335,9,3
A100031,38.825,34.82500897343747,2,1
A100032,74.13000000000001,88.26664111278582,4,2
A100033,2312.938,3268.9619588135315,5,5
A100034,106.29749999999999,130.69395634458388,4,3
A100035,54.12571428571429,44.52025376430479,7,2
A100036,47.31,10.62074385342195,2,1
A100037,31.345,0.9970205614730296,2,1
A100038,73.49000000000001,48.26947068282394,9,5
A100039,37.26666666666667,9.676783212066567,3,2
A100040,27.068,17.052630882066264,5,2
A100041,64.19500000000001,38.281538500953694,6,4
A100042,713.518,1464.4911506287774,5,2
A100043,62.82000000000001,52.637028791526596,2,1
A100044,65.94,51.54232096054658,5,5
A100045,640.21,1781.6826732614315,9,8
A100046,1027.1866666666667,2337.282116561884,9,3
A100047,66.58,27.24981284339399,3,1
A100048,41.14,12.56066081064209,4,1
A100049,36.59,0.0,1,0
A100050,62.586,50.17527408993398,5,3
A100051,88.514,94.09615682906502,5,2
A100052,6070.90125,2443.191814821853,8,2
A100053,54.82,4.5254833995939086,2,1
A100054,65.89555555555555,75.70479246902258,9,2
A100055,45.635,45.33261574186956,2,2
A100056,48.78666666666666,51.05012863189801,3,2
A100057,36.855,43.64970160264558,2,1
A100058,50.725,47.808839838116405,4,1
A100059,14.272499999999999,9.372948219921698,4,2
A100060,40.076,32.51319316831246,5,2
A100061,61.5525,43.00580997570755,4,1
A100062,56.871428571428574,59.561764421081264,7,1
A100063,46.529999999999994,52.87252310983465,7,4
A100064,46.998000000000005,14.916503276572561,5,3
A100065,6100.39875,3698.5214383605376,8,2
A100066,41.415,32.80617878794582,4,2
A100067,54.98,40.51356809761391,3,3
A100068,59.54333333333333,68.89199537440228,6,1
A100069,1201.3100000000002,2757.513036320953,6,3
A100070,47.251999999999995,34.023976399004276,5,3
A100071,59.90888888888888,64.24285358007621,9,6
A100072,13.21,0.0,1,0
A100073,50.94,51.68395495702704,4,2
A100074,127.475,52.76572909253379,4,2
A100075,4944.955,2602.4819475742765,10,1
A100076,68.21333333333332,68.25519281832457,6,2
A100077,37.25666666666667,26.527695590332254,3,3
A100078,34.593333333333334,9.924889587966874,3,0
A100079,50.64666666666667,42.194028803453534,6,1
A100080,12.294,7.541288351468866,5,2
A100081,107.2825,98.7534338221546,4,3
A100082,53.093333333333334,56.750026842871776,6,4
A100083,26.2,18.75348767562983,3,1
A100084,3508.465,2087.9891353274456,12,2
A100085,42.2425,17.48667945418264,4,0
A100086,1669.855,3306.6188031532556,4,4
A100087,52.1525,36.959513322012235,4,1
A100088,46.15166666666667,27.523971673191834,6,5
A100089,51.95285714285715,53.52989716481987,7,4
A100090,32.73666666666667,6.193555790766183,3,0
A100091,32.276,37.3156901316323,5,3
A100092,64.89666666666666,16.669860027406752,3,0
A100093,1022.9979999999999,2219.563042215742,5,1
A100094,86.57666666666667,119.47163359280451,3,2
A100095,3601.35625,10107.173301680257,8,3
A100096,37.41,20.8341610502239,4,4
A100097,67.045,62.7100533407523,6,4
A100098,74.00999999999999,29.275790908758264,4,3
A100099,19.689999999999998,11.036797542765745,3,1
A100100,26.42,1.2303657992645929,2,1
A100101,67.79363636363637,56.52898588737061,11,7
A100102,100.65999999999998,141.64025946036668,3,2
A100103,111.124,104.71567351643208,5,2
A100104,511.62777777777774,1407.0761544047446,9,3
A100105,976.9714285714286,2464.683787597837,7,4
A100106,30.572000000000003,21.46311650250261,5,3
A100107,4498.39,9857.792285897487,5,4
A100108,53.5525,47.52469279227379,4,3
A100109,32.195,2.283954903232551,2,1
A100110,94.98,0.0,1,1
A100111,42.46,34.29482468245027,4,1
A100112,1499.936,3280.3214547861007,5,3
A100113,75.43,70.7530658935239,4,3
A100114,104.3075,71.74713902542271,4,2
A100115,64.5525,43.717999153666675,8,3
A100116,35.215,29.58192522470436,4,1
A100117,60.655,38.07770016689558,2,2
A100118,2664.0299999999997,3744.710233943342,2,2
A100119,18.490000000000002,11.417650809163854,5,4
A100120,61.4725,37.51498844906304,4,2
A100121,85.42,0.0,1,0
A100122,39.27333333333333,5.738818112933473,3,2
A100123,1932.0075,3723.909825504864,4,2
A100124,2661.9866666666667,4587.808649195532,3,3
A100125,76.41,44.822277943005076,5,1
A100126,3737.764545454545,2930.5462397149226,11,2
A100127,1187.0942105263157,1118.0985360836485,19,2
A100128,55.67666666666667,46.562632943881795,6,4
A100129,50.277142857142856,63.86076174362619,7,2
A100130,47.456,21.581161460866745,5,1
A100131,55.574,40.22363024392503,5,2
A100132,42.45333333333333,34.73736652847094,3,1
A100133,47.205000000000005,40.58085817229597,2,0
A100134,68.78,34.445680425853105,3,2
A100135,34.715,20.515267241739746,6,1
A100136,32.15,10.86116015902537,2,1
A100137,135.2375,133.4397043299582,4,3
A100138,14.93,0.0,1,0
A100139,26.735,34.655303345952696,2,1
A100140,36.90333333333333,21.17252307433701,3,1
A100141,25.9625,15.094826691855156,8,6
A100142,78.33500000000001,98.28077151711824,2,0
A100143,41.924,25.575688260533674,5,1
A100144,34.052,34.054596165569194,5,4
A100145,30.37333333333333,12.210816243533161,3,2
A100146,923.3125,1702.373368220086,4,2
A100147,48.83166666666667,42.54309693318843,6,1
A100148,72.37,0.0,1,1
A100149,46.22,24.69688948025642,5,1
A100150,98.085,116.73625850608713,2,1
A100151,11739.095,16542.9540646902,2,2
A100152,83.35799999999999,60.30495891715705,5,1
A100153,70.415,41.570807665957126,2,0
A100154,40.89833333333333,30.045973052418635,6,0
A100155,48.43333333333334,71.41908591779465,3,2
A100156,32.262,25.286964428337377,5,2
A100157,54.12,30.12394272003583,9,5
A100158,1869.3775,3692.6393704086067,4,2
A100159,78.71,0.0,1,0
A100160,83.14750000000001,84.9639415533773,8,1
A100161,37.69,14.580541828066611,2,1
A100162,68.56333333333333,48.15342923060274,6,5
A100163,42.3625,38.96269957707414,4,2
A100164,65.32000000000001,59.02054388092336,6,3
A100165,24.22,15.510783345788823,3,2
A100166,11.616666666666667,11.113326834631174,3,1
A100167,419.275,1034.1869614892105,8,5
A100168,59.89,0.0,1,0
A100169,3002.9183333333335,2151.928646611235,12,3
A100170,39.574999999999996,32.293566696789625,2,0
A100171,827.78875,2093.1817233814686,8,6
A100172,50.626666666666665,55.445487943865494,3,1
A100173,3959.3463636363635,2466.1208181566153,11,1
A100174,62.17428571428571,69.56584072113334,7,5
A100175,4568.722857142858,10138.80446468043,7,5
A100176,31.49,23.07923958885994,3,1
A100177,234.71,0.0,1,0
A100178,67.71,70.54372332107229,3,0
A100179,42.63666666666666,42.959377711197504,3,1
A100180,752.1566666666666,2108.24314388782,9,5
A100181,40.987142857142864,25.057577506139545,7,3
A100182,109.8275,60.11029882640744,4,2
A100183,31.973333333333333,18.705478698320803,3,1
A100184,70.765,53.959318472345444,2,1
A100185,7.55,0.0,1,0
A100186,20.5625,6.715709816045756,4,2
A100187,560.5400000000001,1125.7308155149703,5,4
A100188,29.126666666666665,15.130420791681022,3,3
A100189,33.025,30.596510421941908,2,1
A100190,19.235,15.35222350888192,4,2
A100191,35.85666666666666,34.035356126632,6,2
A100192,27.23,19.782727314503425,3,2
A100193,28.910000000000004,5.51543289325507,2,0
A100194,46.527142857142856,44.86537369891013,7,5
A100195,25.264,10.597437426095045,5,4
A100196,237.10000000000002,270.5531966175968,2,1
A100197,75.69833333333334,62.819306400713046,6,2
A100198,8.865,3.34461507501237,2,1
A100199,49.02111111111111,46.28122525507629,9,5
